#
# There is insufficient memory for the Java Runtime Environment to continue.
# Native memory allocation (mmap) failed to map 15728640 bytes. Error detail: G1 virtual space
# Possible reasons:
#   The system is out of physical RAM or swap space
#   This process is running with CompressedOops enabled, and the Java Heap may be blocking the growth of the native heap
# Possible solutions:
#   Reduce memory load on the system
#   Increase physical memory or swap space
#   Check if swap backing store is full
#   Decrease Java heap size (-Xmx/-Xms)
#   Decrease number of Java threads
#   Decrease Java thread stack sizes (-Xss)
#   Set larger code cache with -XX:ReservedCodeCacheSize=
#   JVM is running with Unscaled Compressed Oops mode in which the Java heap is
#     placed in the first 4GB address space. The Java Heap base address is the
#     maximum limit for the native heap growth. Please use -XX:HeapBaseMinAddress
#     to set the Java Heap base and to place the Java Heap above 4GB virtual address.
# This output file may be truncated or incomplete.
#
#  Out of Memory Error (os_windows.cpp:3631), pid=9540, tid=20180
#
# JRE version: Java(TM) SE Runtime Environment (22.0.1+8) (build 22.0.1+8-16)
# Java VM: Java HotSpot(TM) 64-Bit Server VM (22.0.1+8-16, mixed mode, sharing, tiered, compressed oops, compressed class ptrs, g1 gc, windows-amd64)
# No core dump will be written. Minidumps are not enabled by default on client versions of Windows
#

---------------  S U M M A R Y ------------

Command Line: --add-opens=java.base/java.lang=ALL-UNNAMED --add-opens=java.base/java.lang.invoke=ALL-UNNAMED --add-opens=java.base/java.util=ALL-UNNAMED --add-opens=java.prefs/java.util.prefs=ALL-UNNAMED --add-exports=jdk.compiler/com.sun.tools.javac.api=ALL-UNNAMED --add-exports=jdk.compiler/com.sun.tools.javac.util=ALL-UNNAMED --add-opens=java.base/java.util=ALL-UNNAMED --add-opens=java.prefs/java.util.prefs=ALL-UNNAMED --add-opens=java.base/java.nio.charset=ALL-UNNAMED --add-opens=java.base/java.net=ALL-UNNAMED --add-opens=java.base/java.util.concurrent.atomic=ALL-UNNAMED --add-opens=java.xml/javax.xml.namespace=ALL-UNNAMED -XX:MaxMetaspaceSize=512m -Xmx2048m -Dfile.encoding=UTF-8 -Duser.country=CR -Duser.language=es -Duser.variant -javaagent:C:\Users\Xoan\.gradle\wrapper\dists\gradle-8.13-bin\5xuhj0ry160q40clulazy9h7d\gradle-8.13\lib\agents\gradle-instrumentation-agent-8.13.jar org.gradle.launcher.daemon.bootstrap.GradleDaemon 8.13

Host: Intel(R) Core(TM) i5-10400F CPU @ 2.90GHz, 12 cores, 15G,  Windows 11 , 64 bit Build 26100 (10.0.26100.4768)
Time: Thu Aug 14 15:46:02 2025 Hora estándar, América Central elapsed time: 20.291922 seconds (0d 0h 0m 20s)

---------------  T H R E A D  ---------------

Current thread (0x0000018dd1742690):  VMThread "VM Thread"          [id=20180, stack(0x0000004b42700000,0x0000004b42800000) (1024K)]

Stack: [0x0000004b42700000,0x0000004b42800000]
Native frames: (J=compiled Java code, j=interpreted, Vv=VM code, C=native code)
V  [jvm.dll+0x6e2279]  (no source info available)
V  [jvm.dll+0x874e33]  (no source info available)
V  [jvm.dll+0x87725e]  (no source info available)
V  [jvm.dll+0x877933]  (no source info available)
V  [jvm.dll+0x27fd76]  (no source info available)
V  [jvm.dll+0x6de915]  (no source info available)
V  [jvm.dll+0x6d341a]  (no source info available)
V  [jvm.dll+0x3589da]  (no source info available)
V  [jvm.dll+0x360f06]  (no source info available)
V  [jvm.dll+0x3b3e2e]  (no source info available)
V  [jvm.dll+0x3b40d8]  (no source info available)
V  [jvm.dll+0x32c59c]  (no source info available)
V  [jvm.dll+0x32eef6]  (no source info available)
V  [jvm.dll+0x3391c1]  (no source info available)
V  [jvm.dll+0x370365]  (no source info available)
V  [jvm.dll+0x87d7d0]  (no source info available)
V  [jvm.dll+0x87eb57]  (no source info available)
V  [jvm.dll+0x87f0d0]  (no source info available)
V  [jvm.dll+0x87f373]  (no source info available)
V  [jvm.dll+0x81d44b]  (no source info available)
V  [jvm.dll+0x6e0915]  (no source info available)
C  [ucrtbase.dll+0x37b0]  (no source info available)
C  [KERNEL32.DLL+0x2e8d7]  (no source info available)
C  [ntdll.dll+0x3c34c]  (no source info available)

VM_Operation (0x0000004b422ff6a0): G1PauseRemark, mode: safepoint, requested by thread 0x0000018db2cdc0e0


---------------  P R O C E S S  ---------------

Threads class SMR info:
_java_thread_list=0x0000018df6b364c0, length=199, elements={
0x0000018db2c713b0, 0x0000018dd175fed0, 0x0000018dd1761850, 0x0000018dd17661e0,
0x0000018dd17695a0, 0x0000018dd176b1b0, 0x0000018dd1774e80, 0x0000018dd1783540,
0x0000018dd178a010, 0x0000018dd1909e20, 0x0000018dd1b04210, 0x0000018df27ac400,
0x0000018df291a610, 0x0000018df28b5b30, 0x0000018df29d8790, 0x0000018df29cefc0,
0x0000018df2ab8960, 0x0000018df28da9d0, 0x0000018df28dd7c0, 0x0000018df28db060,
0x0000018df28db6f0, 0x0000018df28dc410, 0x0000018df28dbd80, 0x0000018df28dcaa0,
0x0000018df28dd130, 0x0000018df40a2ed0, 0x0000018df40a3bf0, 0x0000018df40a3560,
0x0000018df40a4280, 0x0000018df40a4910, 0x0000018df40a5cc0, 0x0000018df40a5630,
0x0000018df40a2840, 0x0000018df40a9140, 0x0000018df40a7070, 0x0000018df40a97d0,
0x0000018df40a7700, 0x0000018df40a7d90, 0x0000018df40a8420, 0x0000018df46c6340,
0x0000018df46c7d80, 0x0000018df46c5cb0, 0x0000018df46c5620, 0x0000018df46c69d0,
0x0000018df46c8410, 0x0000018df46c7060, 0x0000018df46c9130, 0x0000018df46c76f0,
0x0000018df46c8aa0, 0x0000018df46cab70, 0x0000018df46ca4e0, 0x0000018df46cc5b0,
0x0000018df46c9e50, 0x0000018df46cb200, 0x0000018df46c97c0, 0x0000018df46cb890,
0x0000018df46cbf20, 0x0000018df3635740, 0x0000018df3635dd0, 0x0000018df3633d00,
0x0000018df3634a20, 0x0000018df3636af0, 0x0000018df3637180, 0x0000018df3636460,
0x0000018df3634390, 0x0000018df3637810, 0x0000018df3637ea0, 0x0000018df3638530,
0x0000018df36350b0, 0x0000018df3638bc0, 0x0000018df3639250, 0x0000018df363b320,
0x0000018df36398e0, 0x0000018df3639f70, 0x0000018df363a600, 0x0000018df363ac90,
0x0000018df44defe0, 0x0000018df44df670, 0x0000018df44dfd00, 0x0000018df44de950,
0x0000018df44dd5a0, 0x0000018df44e3810, 0x0000018df44e2460, 0x0000018df44e4530,
0x0000018df44e1dd0, 0x0000018df34d6140, 0x0000018df34d3350, 0x0000018df34d4700,
0x0000018df34d5ab0, 0x0000018df34d4d90, 0x0000018df34d5420, 0x0000018df34d4070,
0x0000018df34d39e0, 0x0000018df34d2cc0, 0x0000018df34d88a0, 0x0000018df34d67d0,
0x0000018df34d7b80, 0x0000018df34da2e0, 0x0000018df34d6e60, 0x0000018df34d74f0,
0x0000018df34d8210, 0x0000018df34d8f30, 0x0000018df34d9c50, 0x0000018df34d95c0,
0x0000018df117cd40, 0x0000018df117fb30, 0x0000018df117d3d0, 0x0000018df117e780,
0x0000018df117c6b0, 0x0000018df117ee10, 0x0000018df117f4a0, 0x0000018df117da60,
0x0000018df11801c0, 0x0000018df1181570, 0x0000018df1180850, 0x0000018df117e0f0,
0x0000018df1181c00, 0x0000018df1182920, 0x0000018df1182290, 0x0000018df1182fb0,
0x0000018df1183640, 0x0000018df1183cd0, 0x0000018df44e1740, 0x0000018df44e2af0,
0x0000018df44e3180, 0x0000018df44e3ea0, 0x0000018dd1961d80, 0x0000018dd1963130,
0x0000018dd1962410, 0x0000018dd1960340, 0x0000018dd1961060, 0x0000018dd1962aa0,
0x0000018dd195fcb0, 0x0000018dd1963e50, 0x0000018dd19616f0, 0x0000018dd19637c0,
0x0000018dd19609d0, 0x0000018dd1965200, 0x0000018dd1965890, 0x0000018dd19665b0,
0x0000018dd1966c40, 0x0000018dd19644e0, 0x0000018dd1965f20, 0x0000018dd1964b70,
0x0000018df79f1b30, 0x0000018df79f0780, 0x0000018df79f14a0, 0x0000018df79f0e10,
0x0000018df79f21c0, 0x0000018df79ef3d0, 0x0000018df79eed40, 0x0000018df79efa60,
0x0000018df79f00f0, 0x0000018df1c12530, 0x0000018df1c14600, 0x0000018df1c13f70,
0x0000018df1c159b0, 0x0000018df1c16040, 0x0000018df1c138e0, 0x0000018df1c14c90,
0x0000018df1c15320, 0x0000018df1c12bc0, 0x0000018df1c166d0, 0x0000018df1c13250,
0x0000018df1c19b50, 0x0000018df1c173f0, 0x0000018df1c194c0, 0x0000018df1c17a80,
0x0000018df1c16d60, 0x0000018df1c187a0, 0x0000018df1c18e30, 0x0000018df1c18110,
0x0000018df84c5180, 0x0000018df84c4460, 0x0000018df84c7250, 0x0000018df84c6bc0,
0x0000018df84c3dd0, 0x0000018df84c78e0, 0x0000018df84c7f70, 0x0000018df84c4af0,
0x0000018df84c6530, 0x0000018df84c8600, 0x0000018df84c8c90, 0x0000018df84c5810,
0x0000018df84c9320, 0x0000018df84c5ea0, 0x0000018df84ca6d0, 0x0000018df84cad60,
0x0000018df84c99b0, 0x0000018df84cb3f0, 0x0000018df84cba80, 0x0000018df84cce30,
0x0000018df84d1660, 0x0000018df84cef00, 0x0000018df31de2a0, 0x0000018df31de970,
0x0000018df84cc110, 0x0000018df84cd4c0, 0x0000018df84ca040
}

Java Threads: ( => current thread )
  0x0000018db2c713b0 JavaThread "main"                              [_thread_blocked, id=25576, stack(0x0000004b42000000,0x0000004b42100000) (1024K)]
  0x0000018dd175fed0 JavaThread "Reference Handler"          daemon [_thread_blocked, id=11720, stack(0x0000004b42800000,0x0000004b42900000) (1024K)]
  0x0000018dd1761850 JavaThread "Finalizer"                  daemon [_thread_blocked, id=11860, stack(0x0000004b42900000,0x0000004b42a00000) (1024K)]
  0x0000018dd17661e0 JavaThread "Signal Dispatcher"          daemon [_thread_blocked, id=19428, stack(0x0000004b42a00000,0x0000004b42b00000) (1024K)]
  0x0000018dd17695a0 JavaThread "Attach Listener"            daemon [_thread_blocked, id=24456, stack(0x0000004b42b00000,0x0000004b42c00000) (1024K)]
  0x0000018dd176b1b0 JavaThread "Service Thread"             daemon [_thread_blocked, id=19292, stack(0x0000004b42c00000,0x0000004b42d00000) (1024K)]
  0x0000018dd1774e80 JavaThread "Monitor Deflation Thread"   daemon [_thread_blocked, id=23052, stack(0x0000004b42d00000,0x0000004b42e00000) (1024K)]
  0x0000018dd1783540 JavaThread "C2 CompilerThread0"         daemon [_thread_blocked, id=17448, stack(0x0000004b42e00000,0x0000004b42f00000) (1024K)]
  0x0000018dd178a010 JavaThread "C1 CompilerThread0"         daemon [_thread_blocked, id=19288, stack(0x0000004b42f00000,0x0000004b43000000) (1024K)]
  0x0000018dd1909e20 JavaThread "Common-Cleaner"             daemon [_thread_blocked, id=11572, stack(0x0000004b43000000,0x0000004b43100000) (1024K)]
  0x0000018dd1b04210 JavaThread "Notification Thread"        daemon [_thread_blocked, id=10708, stack(0x0000004b43200000,0x0000004b43300000) (1024K)]
  0x0000018df27ac400 JavaThread "Daemon health stats"               [_thread_blocked, id=20360, stack(0x0000004b43300000,0x0000004b43400000) (1024K)]
  0x0000018df291a610 JavaThread "Incoming local TCP Connector on port 50543"        [_thread_in_native, id=23432, stack(0x0000004b43c00000,0x0000004b43d00000) (1024K)]
  0x0000018df28b5b30 JavaThread "Daemon periodic checks"            [_thread_blocked, id=24300, stack(0x0000004b43d00000,0x0000004b43e00000) (1024K)]
  0x0000018df29d8790 JavaThread "Daemon"                            [_thread_blocked, id=26576, stack(0x0000004b43e00000,0x0000004b43f00000) (1024K)]
  0x0000018df29cefc0 JavaThread "Handler for socket connection from /127.0.0.1:50543 to /127.0.0.1:50544"        [_thread_in_native, id=26612, stack(0x0000004b43f00000,0x0000004b44000000) (1024K)]
  0x0000018df2ab8960 JavaThread "Cancel handler"                    [_thread_blocked, id=26516, stack(0x0000004b44000000,0x0000004b44100000) (1024K)]
  0x0000018df28da9d0 JavaThread "Daemon worker"                     [_thread_blocked, id=26512, stack(0x0000004b44100000,0x0000004b44200000) (1024K)]
  0x0000018df28dd7c0 JavaThread "Asynchronous log dispatcher for DefaultDaemonConnection: socket connection from /127.0.0.1:50543 to /127.0.0.1:50544"        [_thread_blocked, id=26564, stack(0x0000004b44200000,0x0000004b44300000) (1024K)]
  0x0000018df28db060 JavaThread "Stdin handler"                     [_thread_blocked, id=26568, stack(0x0000004b44300000,0x0000004b44400000) (1024K)]
  0x0000018df28db6f0 JavaThread "Daemon client event forwarder"        [_thread_blocked, id=22664, stack(0x0000004b44400000,0x0000004b44500000) (1024K)]
  0x0000018df28dc410 JavaThread "Cache worker for journal cache (C:\Users\Xoan\.gradle\caches\journal-1)"        [_thread_blocked, id=20016, stack(0x0000004b44500000,0x0000004b44600000) (1024K)]
  0x0000018df28dbd80 JavaThread "File lock request listener"        [_thread_in_native, id=26500, stack(0x0000004b44600000,0x0000004b44700000) (1024K)]
  0x0000018df28dcaa0 JavaThread "Cache worker for file hash cache (C:\Users\Xoan\.gradle\caches\8.13\fileHashes)"        [_thread_blocked, id=19892, stack(0x0000004b44700000,0x0000004b44800000) (1024K)]
  0x0000018df28dd130 JavaThread "Cache worker for file hash cache (C:\Users\Xoan\Downloads\ultima\nutriselect-app\nutriselect-app\android\.gradle\8.13\fileHashes)"        [_thread_blocked, id=9900, stack(0x0000004b44c00000,0x0000004b44d00000) (1024K)]
  0x0000018df40a2ed0 JavaThread "Cache worker for Build Output Cleanup Cache (C:\Users\Xoan\Downloads\ultima\nutriselect-app\nutriselect-app\android\.gradle\buildOutputCleanup)"        [_thread_blocked, id=20136, stack(0x0000004b44d00000,0x0000004b44e00000) (1024K)]
  0x0000018df40a3bf0 JavaThread "File watcher server"        daemon [_thread_in_native, id=19660, stack(0x0000004b44e00000,0x0000004b44f00000) (1024K)]
  0x0000018df40a3560 JavaThread "File watcher consumer"      daemon [_thread_blocked, id=26608, stack(0x0000004b44f00000,0x0000004b45000000) (1024K)]
  0x0000018df40a4280 JavaThread "jar transforms"                    [_thread_blocked, id=26496, stack(0x0000004b45000000,0x0000004b45100000) (1024K)]
  0x0000018df40a4910 JavaThread "jar transforms Thread 2"           [_thread_blocked, id=26504, stack(0x0000004b45100000,0x0000004b45200000) (1024K)]
  0x0000018df40a5cc0 JavaThread "Cache worker for checksums cache (C:\Users\Xoan\Downloads\ultima\nutriselect-app\nutriselect-app\android\.gradle\8.13\checksums)"        [_thread_blocked, id=19208, stack(0x0000004b45200000,0x0000004b45300000) (1024K)]
  0x0000018df40a5630 JavaThread "Cache worker for file content cache (C:\Users\Xoan\.gradle\caches\8.13\fileContent)"        [_thread_blocked, id=19984, stack(0x0000004b45300000,0x0000004b45400000) (1024K)]
  0x0000018df40a2840 JavaThread "jar transforms Thread 3"           [_thread_blocked, id=24368, stack(0x0000004b45400000,0x0000004b45500000) (1024K)]
  0x0000018df40a9140 JavaThread "Exec process"                      [_thread_blocked, id=24516, stack(0x0000004b45500000,0x0000004b45600000) (1024K)]
  0x0000018df40a7070 JavaThread "Exec process Thread 2"             [_thread_blocked, id=20660, stack(0x0000004b45600000,0x0000004b45700000) (1024K)]
  0x0000018df40a97d0 JavaThread "Exec process Thread 3"             [_thread_blocked, id=25952, stack(0x0000004b45700000,0x0000004b45800000) (1024K)]
  0x0000018df40a7700 JavaThread "Cache worker for cache directory md-supplier (C:\Users\Xoan\.gradle\caches\8.13\md-supplier)"        [_thread_blocked, id=22460, stack(0x0000004b45800000,0x0000004b45900000) (1024K)]
  0x0000018df40a7d90 JavaThread "Cache worker for cache directory md-rule (C:\Users\Xoan\.gradle\caches\8.13\md-rule)"        [_thread_blocked, id=12508, stack(0x0000004b45900000,0x0000004b45a00000) (1024K)]
  0x0000018df40a8420 JavaThread "Cache worker for Build Output Cleanup Cache (C:\Users\Xoan\Downloads\ultima\nutriselect-app\nutriselect-app\node_modules\@react-native\gradle-plugin\.gradle\buildOutputCleanup)"        [_thread_blocked, id=11840, stack(0x0000004b45a00000,0x0000004b45b00000) (1024K)]
  0x0000018df46c6340 JavaThread "Unconstrained build operations"        [_thread_blocked, id=25984, stack(0x0000004b45b00000,0x0000004b45c00000) (1024K)]
  0x0000018df46c7d80 JavaThread "Unconstrained build operations Thread 2"        [_thread_blocked, id=6040, stack(0x0000004b45c00000,0x0000004b45d00000) (1024K)]
  0x0000018df46c5cb0 JavaThread "Unconstrained build operations Thread 3"        [_thread_blocked, id=12660, stack(0x0000004b45d00000,0x0000004b45e00000) (1024K)]
  0x0000018df46c5620 JavaThread "Unconstrained build operations Thread 4"        [_thread_blocked, id=5808, stack(0x0000004b45e00000,0x0000004b45f00000) (1024K)]
  0x0000018df46c69d0 JavaThread "Unconstrained build operations Thread 5"        [_thread_blocked, id=21184, stack(0x0000004b45f00000,0x0000004b46000000) (1024K)]
  0x0000018df46c8410 JavaThread "Unconstrained build operations Thread 6"        [_thread_blocked, id=25440, stack(0x0000004b46000000,0x0000004b46100000) (1024K)]
  0x0000018df46c7060 JavaThread "Cache worker for Build Output Cleanup Cache (C:\Users\Xoan\Downloads\ultima\nutriselect-app\nutriselect-app\node_modules\expo-modules-autolinking\android\expo-gradle-plugin\.gradle\buildOutputCleanup)"        [_thread_blocked, id=19900, stack(0x0000004b43100000,0x0000004b43200000) (1024K)]
  0x0000018df46c9130 JavaThread "Unconstrained build operations Thread 7"        [_thread_blocked, id=19872, stack(0x0000004b46200000,0x0000004b46300000) (1024K)]
  0x0000018df46c76f0 JavaThread "Unconstrained build operations Thread 8"        [_thread_blocked, id=19912, stack(0x0000004b46300000,0x0000004b46400000) (1024K)]
  0x0000018df46c8aa0 JavaThread "Unconstrained build operations Thread 9"        [_thread_blocked, id=14112, stack(0x0000004b46400000,0x0000004b46500000) (1024K)]
  0x0000018df46cab70 JavaThread "Unconstrained build operations Thread 10"        [_thread_blocked, id=15524, stack(0x0000004b46500000,0x0000004b46600000) (1024K)]
  0x0000018df46ca4e0 JavaThread "Unconstrained build operations Thread 11"        [_thread_blocked, id=22220, stack(0x0000004b46600000,0x0000004b46700000) (1024K)]
  0x0000018df46cc5b0 JavaThread "Unconstrained build operations Thread 12"        [_thread_blocked, id=20588, stack(0x0000004b46700000,0x0000004b46800000) (1024K)]
  0x0000018df46c9e50 JavaThread "Unconstrained build operations Thread 13"        [_thread_blocked, id=22980, stack(0x0000004b46800000,0x0000004b46900000) (1024K)]
  0x0000018df46cb200 JavaThread "Unconstrained build operations Thread 14"        [_thread_blocked, id=13412, stack(0x0000004b46900000,0x0000004b46a00000) (1024K)]
  0x0000018df46c97c0 JavaThread "Unconstrained build operations Thread 15"        [_thread_blocked, id=13456, stack(0x0000004b46a00000,0x0000004b46b00000) (1024K)]
  0x0000018df46cb890 JavaThread "Unconstrained build operations Thread 16"        [_thread_blocked, id=8180, stack(0x0000004b46b00000,0x0000004b46c00000) (1024K)]
  0x0000018df46cbf20 JavaThread "Unconstrained build operations Thread 17"        [_thread_blocked, id=13508, stack(0x0000004b46c00000,0x0000004b46d00000) (1024K)]
  0x0000018df3635740 JavaThread "Unconstrained build operations Thread 18"        [_thread_blocked, id=11544, stack(0x0000004b46d00000,0x0000004b46e00000) (1024K)]
  0x0000018df3635dd0 JavaThread "Unconstrained build operations Thread 19"        [_thread_blocked, id=13668, stack(0x0000004b46e00000,0x0000004b46f00000) (1024K)]
  0x0000018df3633d00 JavaThread "Unconstrained build operations Thread 20"        [_thread_blocked, id=19332, stack(0x0000004b46f00000,0x0000004b47000000) (1024K)]
  0x0000018df3634a20 JavaThread "Unconstrained build operations Thread 21"        [_thread_blocked, id=19592, stack(0x0000004b47000000,0x0000004b47100000) (1024K)]
  0x0000018df3636af0 JavaThread "Unconstrained build operations Thread 22"        [_thread_blocked, id=17224, stack(0x0000004b47100000,0x0000004b47200000) (1024K)]
  0x0000018df3637180 JavaThread "Unconstrained build operations Thread 23"        [_thread_blocked, id=25104, stack(0x0000004b47200000,0x0000004b47300000) (1024K)]
  0x0000018df3636460 JavaThread "Unconstrained build operations Thread 24"        [_thread_blocked, id=25836, stack(0x0000004b47300000,0x0000004b47400000) (1024K)]
  0x0000018df3634390 JavaThread "Unconstrained build operations Thread 25"        [_thread_blocked, id=25828, stack(0x0000004b47400000,0x0000004b47500000) (1024K)]
  0x0000018df3637810 JavaThread "Unconstrained build operations Thread 26"        [_thread_blocked, id=3416, stack(0x0000004b47500000,0x0000004b47600000) (1024K)]
  0x0000018df3637ea0 JavaThread "Unconstrained build operations Thread 27"        [_thread_blocked, id=2864, stack(0x0000004b47600000,0x0000004b47700000) (1024K)]
  0x0000018df3638530 JavaThread "Unconstrained build operations Thread 28"        [_thread_blocked, id=2312, stack(0x0000004b47700000,0x0000004b47800000) (1024K)]
  0x0000018df36350b0 JavaThread "Unconstrained build operations Thread 29"        [_thread_blocked, id=26000, stack(0x0000004b47800000,0x0000004b47900000) (1024K)]
  0x0000018df3638bc0 JavaThread "Unconstrained build operations Thread 30"        [_thread_blocked, id=11432, stack(0x0000004b47900000,0x0000004b47a00000) (1024K)]
  0x0000018df3639250 JavaThread "Unconstrained build operations Thread 31"        [_thread_blocked, id=23104, stack(0x0000004b47a00000,0x0000004b47b00000) (1024K)]
  0x0000018df363b320 JavaThread "Unconstrained build operations Thread 32"        [_thread_blocked, id=18312, stack(0x0000004b47b00000,0x0000004b47c00000) (1024K)]
  0x0000018df36398e0 JavaThread "Unconstrained build operations Thread 33"        [_thread_blocked, id=24476, stack(0x0000004b47c00000,0x0000004b47d00000) (1024K)]
  0x0000018df3639f70 JavaThread "Unconstrained build operations Thread 34"        [_thread_blocked, id=21044, stack(0x0000004b47d00000,0x0000004b47e00000) (1024K)]
  0x0000018df363a600 JavaThread "Unconstrained build operations Thread 35"        [_thread_blocked, id=26596, stack(0x0000004b47e00000,0x0000004b47f00000) (1024K)]
  0x0000018df363ac90 JavaThread "Unconstrained build operations Thread 36"        [_thread_blocked, id=14100, stack(0x0000004b47f00000,0x0000004b48000000) (1024K)]
  0x0000018df44defe0 JavaThread "Unconstrained build operations Thread 37"        [_thread_blocked, id=26052, stack(0x0000004b48000000,0x0000004b48100000) (1024K)]
  0x0000018df44df670 JavaThread "Unconstrained build operations Thread 38"        [_thread_blocked, id=26092, stack(0x0000004b48100000,0x0000004b48200000) (1024K)]
  0x0000018df44dfd00 JavaThread "Unconstrained build operations Thread 39"        [_thread_blocked, id=26076, stack(0x0000004b48200000,0x0000004b48300000) (1024K)]
  0x0000018df44de950 JavaThread "build event listener"              [_thread_blocked, id=26068, stack(0x0000004b48300000,0x0000004b48400000) (1024K)]
  0x0000018df44dd5a0 JavaThread "Memory manager"                    [_thread_blocked, id=26004, stack(0x0000004b46100000,0x0000004b46200000) (1024K)]
  0x0000018df44e3810 JavaThread "Unconstrained build operations Thread 40"        [_thread_blocked, id=26016, stack(0x0000004b48500000,0x0000004b48600000) (1024K)]
  0x0000018df44e2460 JavaThread "Unconstrained build operations Thread 41"        [_thread_blocked, id=19696, stack(0x0000004b48600000,0x0000004b48700000) (1024K)]
  0x0000018df44e4530 JavaThread "Unconstrained build operations Thread 42"        [_thread_blocked, id=20284, stack(0x0000004b48700000,0x0000004b48800000) (1024K)]
  0x0000018df44e1dd0 JavaThread "Unconstrained build operations Thread 43"        [_thread_blocked, id=20288, stack(0x0000004b48800000,0x0000004b48900000) (1024K)]
  0x0000018df34d6140 JavaThread "Unconstrained build operations Thread 44"        [_thread_blocked, id=2372, stack(0x0000004b48900000,0x0000004b48a00000) (1024K)]
  0x0000018df34d3350 JavaThread "Unconstrained build operations Thread 45"        [_thread_blocked, id=9768, stack(0x0000004b48a00000,0x0000004b48b00000) (1024K)]
  0x0000018df34d4700 JavaThread "Unconstrained build operations Thread 46"        [_thread_blocked, id=2296, stack(0x0000004b48b00000,0x0000004b48c00000) (1024K)]
  0x0000018df34d5ab0 JavaThread "Unconstrained build operations Thread 47"        [_thread_blocked, id=9764, stack(0x0000004b48c00000,0x0000004b48d00000) (1024K)]
  0x0000018df34d4d90 JavaThread "Unconstrained build operations Thread 48"        [_thread_blocked, id=3640, stack(0x0000004b48d00000,0x0000004b48e00000) (1024K)]
  0x0000018df34d5420 JavaThread "Unconstrained build operations Thread 49"        [_thread_blocked, id=26456, stack(0x0000004b48e00000,0x0000004b48f00000) (1024K)]
  0x0000018df34d4070 JavaThread "Unconstrained build operations Thread 50"        [_thread_blocked, id=2280, stack(0x0000004b48f00000,0x0000004b49000000) (1024K)]
  0x0000018df34d39e0 JavaThread "Unconstrained build operations Thread 51"        [_thread_blocked, id=5648, stack(0x0000004b49000000,0x0000004b49100000) (1024K)]
  0x0000018df34d2cc0 JavaThread "Unconstrained build operations Thread 52"        [_thread_blocked, id=2480, stack(0x0000004b49100000,0x0000004b49200000) (1024K)]
  0x0000018df34d88a0 JavaThread "Unconstrained build operations Thread 53"        [_thread_blocked, id=20268, stack(0x0000004b49200000,0x0000004b49300000) (1024K)]
  0x0000018df34d67d0 JavaThread "Unconstrained build operations Thread 54"        [_thread_blocked, id=19864, stack(0x0000004b49300000,0x0000004b49400000) (1024K)]
  0x0000018df34d7b80 JavaThread "Unconstrained build operations Thread 55"        [_thread_blocked, id=20300, stack(0x0000004b49400000,0x0000004b49500000) (1024K)]
  0x0000018df34da2e0 JavaThread "Unconstrained build operations Thread 56"        [_thread_blocked, id=20296, stack(0x0000004b49500000,0x0000004b49600000) (1024K)]
  0x0000018df34d6e60 JavaThread "Unconstrained build operations Thread 57"        [_thread_blocked, id=20292, stack(0x0000004b49600000,0x0000004b49700000) (1024K)]
  0x0000018df34d74f0 JavaThread "Unconstrained build operations Thread 58"        [_thread_blocked, id=19856, stack(0x0000004b49700000,0x0000004b49800000) (1024K)]
  0x0000018df34d8210 JavaThread "Unconstrained build operations Thread 59"        [_thread_blocked, id=26384, stack(0x0000004b49800000,0x0000004b49900000) (1024K)]
  0x0000018df34d8f30 JavaThread "Unconstrained build operations Thread 60"        [_thread_blocked, id=20276, stack(0x0000004b49900000,0x0000004b49a00000) (1024K)]
  0x0000018df34d9c50 JavaThread "Unconstrained build operations Thread 61"        [_thread_blocked, id=20304, stack(0x0000004b49a00000,0x0000004b49b00000) (1024K)]
  0x0000018df34d95c0 JavaThread "Unconstrained build operations Thread 62"        [_thread_blocked, id=20264, stack(0x0000004b49b00000,0x0000004b49c00000) (1024K)]
  0x0000018df117cd40 JavaThread "Unconstrained build operations Thread 63"        [_thread_blocked, id=11080, stack(0x0000004b49c00000,0x0000004b49d00000) (1024K)]
  0x0000018df117fb30 JavaThread "Unconstrained build operations Thread 64"        [_thread_blocked, id=19836, stack(0x0000004b49d00000,0x0000004b49e00000) (1024K)]
  0x0000018df117d3d0 JavaThread "Unconstrained build operations Thread 65"        [_thread_blocked, id=19868, stack(0x0000004b49e00000,0x0000004b49f00000) (1024K)]
  0x0000018df117e780 JavaThread "Unconstrained build operations Thread 66"        [_thread_blocked, id=14380, stack(0x0000004b49f00000,0x0000004b4a000000) (1024K)]
  0x0000018df117c6b0 JavaThread "Unconstrained build operations Thread 67"        [_thread_blocked, id=19832, stack(0x0000004b4a000000,0x0000004b4a100000) (1024K)]
  0x0000018df117ee10 JavaThread "Unconstrained build operations Thread 68"        [_thread_blocked, id=4164, stack(0x0000004b4a100000,0x0000004b4a200000) (1024K)]
  0x0000018df117f4a0 JavaThread "Unconstrained build operations Thread 69"        [_thread_blocked, id=4880, stack(0x0000004b4a200000,0x0000004b4a300000) (1024K)]
  0x0000018df117da60 JavaThread "Unconstrained build operations Thread 70"        [_thread_blocked, id=19908, stack(0x0000004b4a300000,0x0000004b4a400000) (1024K)]
  0x0000018df11801c0 JavaThread "Unconstrained build operations Thread 71"        [_thread_blocked, id=2872, stack(0x0000004b4a400000,0x0000004b4a500000) (1024K)]
  0x0000018df1181570 JavaThread "Unconstrained build operations Thread 72"        [_thread_blocked, id=19848, stack(0x0000004b4a500000,0x0000004b4a600000) (1024K)]
  0x0000018df1180850 JavaThread "build event listener"              [_thread_blocked, id=26228, stack(0x0000004b44800000,0x0000004b44900000) (1024K)]
  0x0000018df117e0f0 JavaThread "Unconstrained build operations Thread 73"        [_thread_blocked, id=22260, stack(0x0000004b4a700000,0x0000004b4a800000) (1024K)]
  0x0000018df1181c00 JavaThread "Unconstrained build operations Thread 74"        [_thread_blocked, id=23944, stack(0x0000004b4a800000,0x0000004b4a900000) (1024K)]
  0x0000018df1182920 JavaThread "Unconstrained build operations Thread 75"        [_thread_blocked, id=15784, stack(0x0000004b4a900000,0x0000004b4aa00000) (1024K)]
  0x0000018df1182290 JavaThread "Unconstrained build operations Thread 76"        [_thread_blocked, id=15752, stack(0x0000004b4aa00000,0x0000004b4ab00000) (1024K)]
  0x0000018df1182fb0 JavaThread "Unconstrained build operations Thread 77"        [_thread_blocked, id=23948, stack(0x0000004b4ab00000,0x0000004b4ac00000) (1024K)]
  0x0000018df1183640 JavaThread "Unconstrained build operations Thread 78"        [_thread_blocked, id=25648, stack(0x0000004b4ac00000,0x0000004b4ad00000) (1024K)]
  0x0000018df1183cd0 JavaThread "Unconstrained build operations Thread 79"        [_thread_blocked, id=23580, stack(0x0000004b4ad00000,0x0000004b4ae00000) (1024K)]
  0x0000018df44e1740 JavaThread "Unconstrained build operations Thread 80"        [_thread_blocked, id=24272, stack(0x0000004b4ae00000,0x0000004b4af00000) (1024K)]
  0x0000018df44e2af0 JavaThread "Unconstrained build operations Thread 81"        [_thread_blocked, id=24376, stack(0x0000004b4af00000,0x0000004b4b000000) (1024K)]
  0x0000018df44e3180 JavaThread "Unconstrained build operations Thread 82"        [_thread_blocked, id=23180, stack(0x0000004b4b000000,0x0000004b4b100000) (1024K)]
  0x0000018df44e3ea0 JavaThread "Unconstrained build operations Thread 83"        [_thread_blocked, id=24984, stack(0x0000004b4b100000,0x0000004b4b200000) (1024K)]
  0x0000018dd1961d80 JavaThread "Unconstrained build operations Thread 84"        [_thread_blocked, id=24992, stack(0x0000004b4b200000,0x0000004b4b300000) (1024K)]
  0x0000018dd1963130 JavaThread "ForkJoinPool.commonPool-worker-1" daemon [_thread_blocked, id=22308, stack(0x0000004b4b300000,0x0000004b4b400000) (1024K)]
  0x0000018dd1962410 JavaThread "ForkJoinPool.commonPool-worker-2" daemon [_thread_blocked, id=24784, stack(0x0000004b4b400000,0x0000004b4b500000) (1024K)]
  0x0000018dd1960340 JavaThread "ForkJoinPool.commonPool-worker-3" daemon [_thread_blocked, id=9928, stack(0x0000004b4b500000,0x0000004b4b600000) (1024K)]
  0x0000018dd1961060 JavaThread "ForkJoinPool.commonPool-worker-4" daemon [_thread_blocked, id=18868, stack(0x0000004b4b600000,0x0000004b4b700000) (1024K)]
  0x0000018dd1962aa0 JavaThread "ForkJoinPool.commonPool-worker-5" daemon [_thread_blocked, id=18872, stack(0x0000004b4b700000,0x0000004b4b800000) (1024K)]
  0x0000018dd195fcb0 JavaThread "ForkJoinPool.commonPool-worker-6" daemon [_thread_blocked, id=25848, stack(0x0000004b4b800000,0x0000004b4b900000) (1024K)]
  0x0000018dd1963e50 JavaThread "ForkJoinPool.commonPool-worker-7" daemon [_thread_blocked, id=10904, stack(0x0000004b4b900000,0x0000004b4ba00000) (1024K)]
  0x0000018dd19616f0 JavaThread "ForkJoinPool.commonPool-worker-8" daemon [_thread_blocked, id=17668, stack(0x0000004b4ba00000,0x0000004b4bb00000) (1024K)]
  0x0000018dd19637c0 JavaThread "ForkJoinPool.commonPool-worker-10" daemon [_thread_blocked, id=13184, stack(0x0000004b4bb00000,0x0000004b4bc00000) (1024K)]
  0x0000018dd19609d0 JavaThread "ForkJoinPool.commonPool-worker-11" daemon [_thread_blocked, id=15480, stack(0x0000004b4bc00000,0x0000004b4bd00000) (1024K)]
  0x0000018dd1965200 JavaThread "ForkJoinPool.commonPool-worker-9" daemon [_thread_blocked, id=12748, stack(0x0000004b4bd00000,0x0000004b4be00000) (1024K)]
  0x0000018dd1965890 JavaThread "Exec process"               daemon [_thread_blocked, id=25184, stack(0x0000004b4be00000,0x0000004b4bf00000) (1024K)]
  0x0000018dd19665b0 JavaThread "Exec process Thread 2"      daemon [_thread_blocked, id=25096, stack(0x0000004b4bf00000,0x0000004b4c000000) (1024K)]
  0x0000018dd1966c40 JavaThread "Exec process Thread 3"      daemon [_thread_blocked, id=8460, stack(0x0000004b4c000000,0x0000004b4c100000) (1024K)]
  0x0000018dd19644e0 JavaThread "included builds"                   [_thread_blocked, id=23360, stack(0x0000004b4a600000,0x0000004b4a700000) (1024K)]
  0x0000018dd1965f20 JavaThread "included builds Thread 2"          [_thread_blocked, id=9584, stack(0x0000004b4c100000,0x0000004b4c200000) (1024K)]
  0x0000018dd1964b70 JavaThread "Execution worker"                  [_thread_blocked, id=19792, stack(0x0000004b4c200000,0x0000004b4c300000) (1024K)]
  0x0000018df79f1b30 JavaThread "Execution worker Thread 2"         [_thread_blocked, id=25308, stack(0x0000004b4c300000,0x0000004b4c400000) (1024K)]
  0x0000018df79f0780 JavaThread "Execution worker Thread 3"         [_thread_blocked, id=15268, stack(0x0000004b4c400000,0x0000004b4c500000) (1024K)]
  0x0000018df79f14a0 JavaThread "Execution worker Thread 4"         [_thread_blocked, id=7772, stack(0x0000004b4c500000,0x0000004b4c600000) (1024K)]
  0x0000018df79f0e10 JavaThread "Execution worker Thread 5"         [_thread_blocked, id=25128, stack(0x0000004b4c600000,0x0000004b4c700000) (1024K)]
  0x0000018df79f21c0 JavaThread "Execution worker Thread 6"         [_thread_blocked, id=19988, stack(0x0000004b4c700000,0x0000004b4c800000) (1024K)]
  0x0000018df79ef3d0 JavaThread "Execution worker Thread 7"         [_thread_blocked, id=8820, stack(0x0000004b4c800000,0x0000004b4c900000) (1024K)]
  0x0000018df79eed40 JavaThread "Execution worker Thread 8"         [_thread_blocked, id=24260, stack(0x0000004b4c900000,0x0000004b4ca00000) (1024K)]
  0x0000018df79efa60 JavaThread "Execution worker Thread 9"         [_thread_blocked, id=22520, stack(0x0000004b4ca00000,0x0000004b4cb00000) (1024K)]
  0x0000018df79f00f0 JavaThread "Execution worker Thread 10"        [_thread_blocked, id=3660, stack(0x0000004b4cb00000,0x0000004b4cc00000) (1024K)]
  0x0000018df1c12530 JavaThread "Execution worker Thread 11"        [_thread_blocked, id=24904, stack(0x0000004b4cc00000,0x0000004b4cd00000) (1024K)]
  0x0000018df1c14600 JavaThread "Cache worker for execution history cache (C:\Users\Xoan\Downloads\ultima\nutriselect-app\nutriselect-app\node_modules\expo-modules-autolinking\android\expo-gradle-plugin\.gradle\8.13\executionHistory)"        [_thread_blocked, id=20680, stack(0x0000004b4cd00000,0x0000004b4ce00000) (1024K)]
  0x0000018df1c13f70 JavaThread "Cache worker for execution history cache (C:\Users\Xoan\Downloads\ultima\nutriselect-app\nutriselect-app\node_modules\@react-native\gradle-plugin\.gradle\8.13\executionHistory)"        [_thread_blocked, id=9648, stack(0x0000004b4ce00000,0x0000004b4cf00000) (1024K)]
  0x0000018df1c159b0 JavaThread "Unconstrained build operations Thread 85"        [_thread_blocked, id=1140, stack(0x0000004b4cf00000,0x0000004b4d000000) (1024K)]
  0x0000018df1c16040 JavaThread "Unconstrained build operations Thread 86"        [_thread_blocked, id=25508, stack(0x0000004b4d000000,0x0000004b4d100000) (1024K)]
  0x0000018df1c138e0 JavaThread "Unconstrained build operations Thread 87"        [_thread_blocked, id=7288, stack(0x0000004b4d100000,0x0000004b4d200000) (1024K)]
  0x0000018df1c14c90 JavaThread "Unconstrained build operations Thread 88"        [_thread_blocked, id=23140, stack(0x0000004b4d200000,0x0000004b4d300000) (1024K)]
  0x0000018df1c15320 JavaThread "Unconstrained build operations Thread 89"        [_thread_blocked, id=22972, stack(0x0000004b4d300000,0x0000004b4d400000) (1024K)]
  0x0000018df1c12bc0 JavaThread "Unconstrained build operations Thread 90"        [_thread_blocked, id=1252, stack(0x0000004b4d400000,0x0000004b4d500000) (1024K)]
  0x0000018df1c166d0 JavaThread "Unconstrained build operations Thread 91"        [_thread_blocked, id=19320, stack(0x0000004b4d500000,0x0000004b4d600000) (1024K)]
  0x0000018df1c13250 JavaThread "Unconstrained build operations Thread 92"        [_thread_blocked, id=14360, stack(0x0000004b4d600000,0x0000004b4d700000) (1024K)]
  0x0000018df1c19b50 JavaThread "Unconstrained build operations Thread 93"        [_thread_blocked, id=24056, stack(0x0000004b4d700000,0x0000004b4d800000) (1024K)]
  0x0000018df1c173f0 JavaThread "Unconstrained build operations Thread 94"        [_thread_blocked, id=24096, stack(0x0000004b4d800000,0x0000004b4d900000) (1024K)]
  0x0000018df1c194c0 JavaThread "Unconstrained build operations Thread 95"        [_thread_blocked, id=5056, stack(0x0000004b4d900000,0x0000004b4da00000) (1024K)]
  0x0000018df1c17a80 JavaThread "Unconstrained build operations Thread 96"        [_thread_blocked, id=17940, stack(0x0000004b4da00000,0x0000004b4db00000) (1024K)]
  0x0000018df1c16d60 JavaThread "Unconstrained build operations Thread 97"        [_thread_blocked, id=20964, stack(0x0000004b4db00000,0x0000004b4dc00000) (1024K)]
  0x0000018df1c187a0 JavaThread "Unconstrained build operations Thread 98"        [_thread_blocked, id=23920, stack(0x0000004b4dc00000,0x0000004b4dd00000) (1024K)]
  0x0000018df1c18e30 JavaThread "Unconstrained build operations Thread 99"        [_thread_blocked, id=2640, stack(0x0000004b4dd00000,0x0000004b4de00000) (1024K)]
  0x0000018df1c18110 JavaThread "Unconstrained build operations Thread 100"        [_thread_blocked, id=2660, stack(0x0000004b4de00000,0x0000004b4df00000) (1024K)]
  0x0000018df84c5180 JavaThread "Unconstrained build operations Thread 101"        [_thread_blocked, id=8008, stack(0x0000004b4df00000,0x0000004b4e000000) (1024K)]
  0x0000018df84c4460 JavaThread "Unconstrained build operations Thread 102"        [_thread_blocked, id=24848, stack(0x0000004b4e000000,0x0000004b4e100000) (1024K)]
  0x0000018df84c7250 JavaThread "Unconstrained build operations Thread 103"        [_thread_blocked, id=8000, stack(0x0000004b4e100000,0x0000004b4e200000) (1024K)]
  0x0000018df84c6bc0 JavaThread "Unconstrained build operations Thread 104"        [_thread_blocked, id=26296, stack(0x0000004b4e200000,0x0000004b4e300000) (1024K)]
  0x0000018df84c3dd0 JavaThread "Unconstrained build operations Thread 105"        [_thread_blocked, id=26388, stack(0x0000004b4e400000,0x0000004b4e500000) (1024K)]
  0x0000018df84c78e0 JavaThread "Unconstrained build operations Thread 106"        [_thread_blocked, id=23988, stack(0x0000004b4e500000,0x0000004b4e600000) (1024K)]
  0x0000018df84c7f70 JavaThread "Unconstrained build operations Thread 107"        [_thread_blocked, id=23008, stack(0x0000004b4e600000,0x0000004b4e700000) (1024K)]
  0x0000018df84c4af0 JavaThread "Unconstrained build operations Thread 108"        [_thread_blocked, id=22784, stack(0x0000004b4e700000,0x0000004b4e800000) (1024K)]
  0x0000018df84c6530 JavaThread "Unconstrained build operations Thread 109"        [_thread_blocked, id=23764, stack(0x0000004b4e800000,0x0000004b4e900000) (1024K)]
  0x0000018df84c8600 JavaThread "Unconstrained build operations Thread 110"        [_thread_blocked, id=25476, stack(0x0000004b4e900000,0x0000004b4ea00000) (1024K)]
  0x0000018df84c8c90 JavaThread "Unconstrained build operations Thread 111"        [_thread_blocked, id=25696, stack(0x0000004b4ea00000,0x0000004b4eb00000) (1024K)]
  0x0000018df84c5810 JavaThread "Unconstrained build operations Thread 112"        [_thread_blocked, id=24628, stack(0x0000004b4eb00000,0x0000004b4ec00000) (1024K)]
  0x0000018df84c9320 JavaThread "Unconstrained build operations Thread 113"        [_thread_blocked, id=23576, stack(0x0000004b4ec00000,0x0000004b4ed00000) (1024K)]
  0x0000018df84c5ea0 JavaThread "Unconstrained build operations Thread 114"        [_thread_blocked, id=3880, stack(0x0000004b4ed00000,0x0000004b4ee00000) (1024K)]
  0x0000018df84ca6d0 JavaThread "Unconstrained build operations Thread 115"        [_thread_blocked, id=24640, stack(0x0000004b4ee00000,0x0000004b4ef00000) (1024K)]
  0x0000018df84cad60 JavaThread "Unconstrained build operations Thread 116"        [_thread_blocked, id=24632, stack(0x0000004b4ef00000,0x0000004b4f000000) (1024K)]
  0x0000018df84c99b0 JavaThread "Unconstrained build operations Thread 117"        [_thread_blocked, id=4932, stack(0x0000004b4f000000,0x0000004b4f100000) (1024K)]
  0x0000018df84cb3f0 JavaThread "Unconstrained build operations Thread 118"        [_thread_blocked, id=23340, stack(0x0000004b4f100000,0x0000004b4f200000) (1024K)]
  0x0000018df84cba80 JavaThread "Unconstrained build operations Thread 119"        [_thread_blocked, id=19692, stack(0x0000004b4f200000,0x0000004b4f300000) (1024K)]
  0x0000018df84cce30 JavaThread "Unconstrained build operations Thread 120"        [_thread_blocked, id=21168, stack(0x0000004b4f300000,0x0000004b4f400000) (1024K)]
  0x0000018df84d1660 JavaThread "jar transforms Thread 4"           [_thread_blocked, id=2464, stack(0x0000004b4f400000,0x0000004b4f500000) (1024K)]
  0x0000018df84cef00 JavaThread "Cache worker for Build Output Cleanup Cache (C:\Users\Xoan\Downloads\ultima\nutriselect-app\nutriselect-app\node_modules\expo-modules-core\expo-module-gradle-plugin\.gradle\buildOutputCleanup)"        [_thread_blocked, id=19200, stack(0x0000004b48400000,0x0000004b48500000) (1024K)]
  0x0000018df31de2a0 JavaThread "C2 CompilerThread1"         daemon [_thread_blocked, id=18588, stack(0x0000004b4e300000,0x0000004b4e400000) (1024K)]
  0x0000018df31de970 JavaThread "C2 CompilerThread2"         daemon [_thread_blocked, id=11348, stack(0x0000004b4f500000,0x0000004b4f600000) (1024K)]
  0x0000018df84cc110 JavaThread "jar transforms Thread 5"           [_thread_blocked, id=14612, stack(0x0000004b4f600000,0x0000004b4f700000) (1024K)]
  0x0000018df84cd4c0 JavaThread "included builds Thread 3"          [_thread_blocked, id=17876, stack(0x0000004b4f700000,0x0000004b4f800000) (1024K)]
  0x0000018df84ca040 JavaThread "Cache worker for execution history cache (C:\Users\Xoan\Downloads\ultima\nutriselect-app\nutriselect-app\node_modules\expo-modules-core\expo-module-gradle-plugin\.gradle\8.13\executionHistory)"        [_thread_blocked, id=10312, stack(0x0000004b4f800000,0x0000004b4f900000) (1024K)]
Total: 199

Other Threads:
=>0x0000018dd1742690 VMThread "VM Thread"                           [id=20180, stack(0x0000004b42700000,0x0000004b42800000) (1024K)]
  0x0000018dd172d100 WatcherThread "VM Periodic Task Thread"        [id=25568, stack(0x0000004b42600000,0x0000004b42700000) (1024K)]
  0x0000018db2cca2c0 WorkerThread "GC Thread#0"                     [id=25384, stack(0x0000004b42100000,0x0000004b42200000) (1024K)]
  0x0000018df13d0e00 WorkerThread "GC Thread#1"                     [id=24076, stack(0x0000004b43400000,0x0000004b43500000) (1024K)]
  0x0000018df13d11b0 WorkerThread "GC Thread#2"                     [id=22324, stack(0x0000004b43500000,0x0000004b43600000) (1024K)]
  0x0000018df1325520 WorkerThread "GC Thread#3"                     [id=4064, stack(0x0000004b43600000,0x0000004b43700000) (1024K)]
  0x0000018df11d4690 WorkerThread "GC Thread#4"                     [id=18740, stack(0x0000004b43700000,0x0000004b43800000) (1024K)]
  0x0000018df142b2d0 WorkerThread "GC Thread#5"                     [id=24500, stack(0x0000004b43800000,0x0000004b43900000) (1024K)]
  0x0000018df1429900 WorkerThread "GC Thread#6"                     [id=25788, stack(0x0000004b43900000,0x0000004b43a00000) (1024K)]
  0x0000018df1429cb0 WorkerThread "GC Thread#7"                     [id=26508, stack(0x0000004b43a00000,0x0000004b43b00000) (1024K)]
  0x0000018df142a410 WorkerThread "GC Thread#8"                     [id=26200, stack(0x0000004b43b00000,0x0000004b43c00000) (1024K)]
  0x0000018df29bdf90 WorkerThread "GC Thread#9"                     [id=26572, stack(0x0000004b44900000,0x0000004b44a00000) (1024K)]
  0x0000018db2cdc0e0 ConcurrentGCThread "G1 Main Marker"            [id=25068, stack(0x0000004b42200000,0x0000004b42300000) (1024K)]
  0x0000018db2cddab0 WorkerThread "G1 Conc#0"                       [id=20920, stack(0x0000004b42300000,0x0000004b42400000) (1024K)]
  0x0000018df29be340 WorkerThread "G1 Conc#1"                       [id=26592, stack(0x0000004b44a00000,0x0000004b44b00000) (1024K)]
  0x0000018df29be6f0 WorkerThread "G1 Conc#2"                       [id=23692, stack(0x0000004b44b00000,0x0000004b44c00000) (1024K)]
  0x0000018dd167f330 ConcurrentGCThread "G1 Refine#0"               [id=20616, stack(0x0000004b42400000,0x0000004b42500000) (1024K)]
  0x0000018dd167fcc0 ConcurrentGCThread "G1 Service"                [id=12908, stack(0x0000004b42500000,0x0000004b42600000) (1024K)]
Total: 18

Threads with active compile tasks:
C2 CompilerThread0  20372 13713   !   4       java.util.concurrent.ArrayBlockingQueue::poll (83 bytes)
C1 CompilerThread0  20372 13765       3       org.gradle.internal.work.DefaultWorkerLeaseService$3::run (48 bytes)
C2 CompilerThread1  20372 13735       4       org.gradle.internal.vfs.impl.DefaultSnapshotHierarchy::findMetadata (37 bytes)
C2 CompilerThread2  20372 13764       4       org.gradle.internal.operations.DefaultBuildOperationAncestryTracker::finished (15 bytes)
Total: 4

VM state: at safepoint (normal execution)

VM Mutex/Monitor currently owned by a thread:  ([mutex/lock_event])
[0x00007ff88f9bbbb8] Threads_lock - owner thread: 0x0000018dd1742690
[0x00007ff88f9bbcb8] Heap_lock - owner thread: 0x0000018db2cdc0e0

Heap address: 0x0000000080000000, size: 2048 MB, Compressed Oops mode: 32-bit

CDS archive(s) mapped at: [0x0000018dd2000000-0x0000018dd2c60000-0x0000018dd2c60000), size 12976128, SharedBaseAddress: 0x0000018dd2000000, ArchiveRelocationMode: 1.
Compressed class space mapped at: 0x0000018dd3000000-0x0000018ded000000, reserved size: 436207616
Narrow klass base: 0x0000018dd2000000, Narrow klass shift: 0, Narrow klass range: 0x1b000000

GC Precious Log:
 CardTable entry size: 512
 Card Set container configuration: InlinePtr #cards 5 size 8 Array Of Cards #cards 12 size 40 Howl #buckets 4 coarsen threshold 1843 Howl Bitmap #cards 512 size 80 coarsen threshold 460 Card regions per heap region 1 cards per card region 2048
 CPUs: 12 total, 12 available
 Memory: 16308M
 Large Page Support: Disabled
 NUMA Support: Disabled
 Compressed Oops: Enabled (32-bit)
 Heap Region Size: 1M
 Heap Min Capacity: 8M
 Heap Initial Capacity: 256M
 Heap Max Capacity: 2G
 Pre-touch: Disabled
 Parallel Workers: 10
 Concurrent Workers: 3
 Concurrent Refinement Workers: 10
 Periodic GC: Disabled

Heap:
 garbage-first heap   total reserved 2097152K, committed 163840K, used 119246K [0x0000000080000000, 0x0000000100000000)
  region size 1024K, 17 young (17408K), 4 survivors (4096K)
 Metaspace       used 85920K, committed 88384K, reserved 557056K
  class space    used 12392K, committed 13568K, reserved 425984K

Heap Regions: E=young(eden), S=young(survivor), O=old, HS=humongous(starts), HC=humongous(continues), CS=collection set, F=free, TAMS=top-at-mark-start, PB=parsable bottom
|   0|0x0000000080000000, 0x0000000080100000, 0x0000000080100000|100%| O|  |TAMS 0x0000000080100000| PB 0x0000000080100000| Updating |  0
|   1|0x0000000080100000, 0x0000000080200000, 0x0000000080200000|100%|HS|  |TAMS 0x0000000080200000| PB 0x0000000080100000| Complete |  0
|   2|0x0000000080200000, 0x0000000080300000, 0x0000000080300000|100%|HC|  |TAMS 0x0000000080300000| PB 0x0000000080200000| Complete |  0
|   3|0x0000000080300000, 0x0000000080400000, 0x0000000080400000|100%|HC|  |TAMS 0x0000000080400000| PB 0x0000000080300000| Complete |  0
|   4|0x0000000080400000, 0x0000000080500000, 0x0000000080500000|100%| O|  |TAMS 0x0000000080500000| PB 0x0000000080500000| Untracked |  0
|   5|0x0000000080500000, 0x0000000080600000, 0x0000000080600000|100%| O|  |TAMS 0x0000000080600000| PB 0x0000000080600000| Untracked |  0
|   6|0x0000000080600000, 0x0000000080700000, 0x0000000080700000|100%| O|  |TAMS 0x0000000080700000| PB 0x0000000080700000| Untracked |  0
|   7|0x0000000080700000, 0x0000000080800000, 0x0000000080800000|100%|HS|  |TAMS 0x0000000080800000| PB 0x0000000080700000| Complete |  0
|   8|0x0000000080800000, 0x0000000080900000, 0x0000000080900000|100%| O|  |TAMS 0x0000000080900000| PB 0x0000000080900000| Untracked |  0
|   9|0x0000000080900000, 0x0000000080a00000, 0x0000000080a00000|100%| O|  |TAMS 0x0000000080a00000| PB 0x0000000080a00000| Untracked |  0
|  10|0x0000000080a00000, 0x0000000080b00000, 0x0000000080b00000|100%| O|  |TAMS 0x0000000080b00000| PB 0x0000000080b00000| Updating |  0
|  11|0x0000000080b00000, 0x0000000080c00000, 0x0000000080c00000|100%| O|  |TAMS 0x0000000080c00000| PB 0x0000000080c00000| Untracked |  0
|  12|0x0000000080c00000, 0x0000000080d00000, 0x0000000080d00000|100%| O|  |TAMS 0x0000000080d00000| PB 0x0000000080d00000| Untracked |  0
|  13|0x0000000080d00000, 0x0000000080e00000, 0x0000000080e00000|100%| O|  |TAMS 0x0000000080e00000| PB 0x0000000080e00000| Untracked |  0
|  14|0x0000000080e00000, 0x0000000080f00000, 0x0000000080f00000|100%| O|  |TAMS 0x0000000080f00000| PB 0x0000000080f00000| Untracked |  0
|  15|0x0000000080f00000, 0x0000000081000000, 0x0000000081000000|100%| O|  |TAMS 0x0000000081000000| PB 0x0000000081000000| Untracked |  0
|  16|0x0000000081000000, 0x0000000081100000, 0x0000000081100000|100%| O|  |TAMS 0x0000000081100000| PB 0x0000000081100000| Untracked |  0
|  17|0x0000000081100000, 0x0000000081200000, 0x0000000081200000|100%| O|  |TAMS 0x0000000081200000| PB 0x0000000081200000| Untracked |  0
|  18|0x0000000081200000, 0x0000000081300000, 0x0000000081300000|100%| O|  |TAMS 0x0000000081300000| PB 0x0000000081300000| Untracked |  0
|  19|0x0000000081300000, 0x0000000081400000, 0x0000000081400000|100%| O|  |TAMS 0x0000000081400000| PB 0x0000000081400000| Untracked |  0
|  20|0x0000000081400000, 0x0000000081500000, 0x0000000081500000|100%| O|  |TAMS 0x0000000081500000| PB 0x0000000081500000| Untracked |  0
|  21|0x0000000081500000, 0x0000000081600000, 0x0000000081600000|100%| O|  |TAMS 0x0000000081600000| PB 0x0000000081600000| Untracked |  0
|  22|0x0000000081600000, 0x0000000081700000, 0x0000000081700000|100%| O|  |TAMS 0x0000000081700000| PB 0x0000000081700000| Updating |  0
|  23|0x0000000081700000, 0x0000000081800000, 0x0000000081800000|100%| O|  |TAMS 0x0000000081800000| PB 0x0000000081800000| Untracked |  0
|  24|0x0000000081800000, 0x0000000081900000, 0x0000000081900000|100%| O|  |TAMS 0x0000000081900000| PB 0x0000000081900000| Untracked |  0
|  25|0x0000000081900000, 0x0000000081a00000, 0x0000000081a00000|100%| O|  |TAMS 0x0000000081a00000| PB 0x0000000081a00000| Updating |  0
|  26|0x0000000081a00000, 0x0000000081b00000, 0x0000000081b00000|100%| O|  |TAMS 0x0000000081b00000| PB 0x0000000081b00000| Untracked |  0
|  27|0x0000000081b00000, 0x0000000081c00000, 0x0000000081c00000|100%|HS|  |TAMS 0x0000000081c00000| PB 0x0000000081b00000| Complete |  0
|  28|0x0000000081c00000, 0x0000000081d00000, 0x0000000081d00000|100%|HC|  |TAMS 0x0000000081d00000| PB 0x0000000081c00000| Complete |  0
|  29|0x0000000081d00000, 0x0000000081e00000, 0x0000000081e00000|100%| O|  |TAMS 0x0000000081e00000| PB 0x0000000081e00000| Untracked |  0
|  30|0x0000000081e00000, 0x0000000081f00000, 0x0000000081f00000|100%| O|  |TAMS 0x0000000081f00000| PB 0x0000000081f00000| Untracked |  0
|  31|0x0000000081f00000, 0x0000000082000000, 0x0000000082000000|100%| O|  |TAMS 0x0000000082000000| PB 0x0000000082000000| Untracked |  0
|  32|0x0000000082000000, 0x0000000082100000, 0x0000000082100000|100%| O|  |TAMS 0x0000000082100000| PB 0x0000000082100000| Untracked |  0
|  33|0x0000000082100000, 0x0000000082200000, 0x0000000082200000|100%| O|  |TAMS 0x0000000082200000| PB 0x0000000082200000| Updating |  0
|  34|0x0000000082200000, 0x0000000082300000, 0x0000000082300000|100%|HS|  |TAMS 0x0000000082300000| PB 0x0000000082200000| Complete |  0
|  35|0x0000000082300000, 0x0000000082400000, 0x0000000082400000|100%|HC|  |TAMS 0x0000000082400000| PB 0x0000000082300000| Complete |  0
|  36|0x0000000082400000, 0x0000000082500000, 0x0000000082500000|100%|HC|  |TAMS 0x0000000082500000| PB 0x0000000082400000| Complete |  0
|  37|0x0000000082500000, 0x0000000082600000, 0x0000000082600000|100%| O|  |TAMS 0x0000000082600000| PB 0x0000000082600000| Untracked |  0
|  38|0x0000000082600000, 0x0000000082700000, 0x0000000082700000|100%| O|  |TAMS 0x0000000082700000| PB 0x0000000082700000| Untracked |  0
|  39|0x0000000082700000, 0x0000000082800000, 0x0000000082800000|100%|HS|  |TAMS 0x0000000082800000| PB 0x0000000082700000| Complete |  0
|  40|0x0000000082800000, 0x0000000082900000, 0x0000000082900000|100%|HC|  |TAMS 0x0000000082900000| PB 0x0000000082800000| Complete |  0
|  41|0x0000000082900000, 0x0000000082a00000, 0x0000000082a00000|100%| O|  |TAMS 0x0000000082a00000| PB 0x0000000082a00000| Untracked |  0
|  42|0x0000000082a00000, 0x0000000082b00000, 0x0000000082b00000|100%| O|  |TAMS 0x0000000082b00000| PB 0x0000000082b00000| Untracked |  0
|  43|0x0000000082b00000, 0x0000000082c00000, 0x0000000082c00000|100%| O|  |TAMS 0x0000000082c00000| PB 0x0000000082c00000| Untracked |  0
|  44|0x0000000082c00000, 0x0000000082d00000, 0x0000000082d00000|100%| O|  |TAMS 0x0000000082d00000| PB 0x0000000082d00000| Untracked |  0
|  45|0x0000000082d00000, 0x0000000082e00000, 0x0000000082e00000|100%| O|  |TAMS 0x0000000082e00000| PB 0x0000000082e00000| Untracked |  0
|  46|0x0000000082e00000, 0x0000000082f00000, 0x0000000082f00000|100%| O|  |TAMS 0x0000000082f00000| PB 0x0000000082f00000| Updating |  0
|  47|0x0000000082f00000, 0x0000000083000000, 0x0000000083000000|100%| O|  |TAMS 0x0000000083000000| PB 0x0000000083000000| Updating |  0
|  48|0x0000000083000000, 0x0000000083100000, 0x0000000083100000|100%|HS|  |TAMS 0x0000000083100000| PB 0x0000000083000000| Complete |  0
|  49|0x0000000083100000, 0x0000000083200000, 0x0000000083200000|100%|HC|  |TAMS 0x0000000083200000| PB 0x0000000083100000| Complete |  0
|  50|0x0000000083200000, 0x0000000083300000, 0x0000000083300000|100%|HC|  |TAMS 0x0000000083300000| PB 0x0000000083200000| Complete |  0
|  51|0x0000000083300000, 0x0000000083400000, 0x0000000083400000|100%| O|  |TAMS 0x0000000083400000| PB 0x0000000083400000| Untracked |  0
|  52|0x0000000083400000, 0x0000000083500000, 0x0000000083500000|100%| O|  |TAMS 0x0000000083500000| PB 0x0000000083500000| Untracked |  0
|  53|0x0000000083500000, 0x0000000083600000, 0x0000000083600000|100%| O|  |TAMS 0x0000000083600000| PB 0x0000000083600000| Updating |  0
|  54|0x0000000083600000, 0x0000000083700000, 0x0000000083700000|100%| O|  |TAMS 0x0000000083700000| PB 0x0000000083700000| Updating |  0
|  55|0x0000000083700000, 0x0000000083800000, 0x0000000083800000|100%|HS|  |TAMS 0x0000000083800000| PB 0x0000000083700000| Complete |  0
|  56|0x0000000083800000, 0x0000000083900000, 0x0000000083900000|100%|HC|  |TAMS 0x0000000083900000| PB 0x0000000083800000| Complete |  0
|  57|0x0000000083900000, 0x0000000083a00000, 0x0000000083a00000|100%|HS|  |TAMS 0x0000000083a00000| PB 0x0000000083900000| Complete |  0
|  58|0x0000000083a00000, 0x0000000083b00000, 0x0000000083b00000|100%|HC|  |TAMS 0x0000000083b00000| PB 0x0000000083a00000| Complete |  0
|  59|0x0000000083b00000, 0x0000000083c00000, 0x0000000083c00000|100%|HS|  |TAMS 0x0000000083c00000| PB 0x0000000083b00000| Complete |  0
|  60|0x0000000083c00000, 0x0000000083d00000, 0x0000000083d00000|100%|HC|  |TAMS 0x0000000083d00000| PB 0x0000000083c00000| Complete |  0
|  61|0x0000000083d00000, 0x0000000083e00000, 0x0000000083e00000|100%|HC|  |TAMS 0x0000000083e00000| PB 0x0000000083d00000| Complete |  0
|  62|0x0000000083e00000, 0x0000000083f00000, 0x0000000083f00000|100%|HC|  |TAMS 0x0000000083f00000| PB 0x0000000083e00000| Complete |  0
|  63|0x0000000083f00000, 0x0000000084000000, 0x0000000084000000|100%| O|  |TAMS 0x0000000084000000| PB 0x0000000084000000| Untracked |  0
|  64|0x0000000084000000, 0x0000000084100000, 0x0000000084100000|100%| O|  |TAMS 0x0000000084100000| PB 0x0000000084100000| Untracked |  0
|  65|0x0000000084100000, 0x0000000084200000, 0x0000000084200000|100%| O|  |TAMS 0x0000000084200000| PB 0x0000000084200000| Untracked |  0
|  66|0x0000000084200000, 0x0000000084300000, 0x0000000084300000|100%| O|  |TAMS 0x0000000084300000| PB 0x0000000084300000| Untracked |  0
|  67|0x0000000084300000, 0x0000000084400000, 0x0000000084400000|100%| O|  |TAMS 0x0000000084400000| PB 0x0000000084400000| Untracked |  0
|  68|0x0000000084400000, 0x0000000084500000, 0x0000000084500000|100%| O|  |TAMS 0x0000000084500000| PB 0x0000000084500000| Updating |  0
|  69|0x0000000084500000, 0x0000000084600000, 0x0000000084600000|100%| O|  |TAMS 0x0000000084600000| PB 0x0000000084600000| Updating |  0
|  70|0x0000000084600000, 0x0000000084700000, 0x0000000084700000|100%|HS|  |TAMS 0x0000000084700000| PB 0x0000000084600000| Complete |  0
|  71|0x0000000084700000, 0x0000000084800000, 0x0000000084800000|100%|HC|  |TAMS 0x0000000084800000| PB 0x0000000084700000| Complete |  0
|  72|0x0000000084800000, 0x0000000084900000, 0x0000000084900000|100%|HC|  |TAMS 0x0000000084900000| PB 0x0000000084800000| Complete |  0
|  73|0x0000000084900000, 0x0000000084a00000, 0x0000000084a00000|100%|HC|  |TAMS 0x0000000084a00000| PB 0x0000000084900000| Complete |  0
|  74|0x0000000084a00000, 0x0000000084b00000, 0x0000000084b00000|100%| O|  |TAMS 0x0000000084b00000| PB 0x0000000084b00000| Untracked |  0
|  75|0x0000000084b00000, 0x0000000084c00000, 0x0000000084c00000|100%| O|  |TAMS 0x0000000084b00000| PB 0x0000000084b00000| Untracked |  0
|  76|0x0000000084c00000, 0x0000000084d00000, 0x0000000084d00000|100%| O|  |TAMS 0x0000000084d00000| PB 0x0000000084d00000| Untracked |  0
|  77|0x0000000084d00000, 0x0000000084e00000, 0x0000000084e00000|100%| O|  |TAMS 0x0000000084e00000| PB 0x0000000084e00000| Untracked |  0
|  78|0x0000000084e00000, 0x0000000084f00000, 0x0000000084f00000|100%| O|  |TAMS 0x0000000084e00000| PB 0x0000000084e00000| Untracked |  0
|  79|0x0000000084f00000, 0x0000000085000000, 0x0000000085000000|100%| O|  |TAMS 0x0000000085000000| PB 0x0000000085000000| Untracked |  0
|  80|0x0000000085000000, 0x0000000085100000, 0x0000000085100000|100%| O|  |TAMS 0x0000000085100000| PB 0x0000000085100000| Untracked |  0
|  81|0x0000000085100000, 0x0000000085200000, 0x0000000085200000|100%| O|  |TAMS 0x0000000085200000| PB 0x0000000085200000| Untracked |  0
|  82|0x0000000085200000, 0x0000000085300000, 0x0000000085300000|100%| O|  |TAMS 0x0000000085300000| PB 0x0000000085300000| Untracked |  0
|  83|0x0000000085300000, 0x0000000085400000, 0x0000000085400000|100%| O|  |TAMS 0x0000000085400000| PB 0x0000000085400000| Updating |  0
|  84|0x0000000085400000, 0x0000000085500000, 0x0000000085500000|100%| O|  |TAMS 0x000000008548c6c0| PB 0x000000008548c6c0| Updating |  0
|  85|0x0000000085500000, 0x0000000085600000, 0x0000000085600000|100%| O|  |TAMS 0x0000000085500000| PB 0x0000000085500000| Untracked |  0
|  86|0x0000000085600000, 0x0000000085700000, 0x0000000085700000|100%| O|  |TAMS 0x0000000085600000| PB 0x0000000085600000| Untracked |  0
|  87|0x0000000085700000, 0x0000000085800000, 0x0000000085800000|100%| O|  |TAMS 0x0000000085700000| PB 0x0000000085700000| Untracked |  0
|  88|0x0000000085800000, 0x0000000085900000, 0x0000000085900000|100%| O|  |TAMS 0x0000000085900000| PB 0x0000000085900000| Untracked |  0
|  89|0x0000000085900000, 0x0000000085a00000, 0x0000000085a00000|100%| O|  |TAMS 0x0000000085a00000| PB 0x0000000085a00000| Updating |  0
|  90|0x0000000085a00000, 0x0000000085a00000, 0x0000000085b00000|  0%| F|  |TAMS 0x0000000085a00000| PB 0x0000000085a00000| Untracked |  0
|  91|0x0000000085b00000, 0x0000000085b00000, 0x0000000085c00000|  0%| F|  |TAMS 0x0000000085b00000| PB 0x0000000085b00000| Untracked |  0
|  92|0x0000000085c00000, 0x0000000085c00000, 0x0000000085d00000|  0%| F|  |TAMS 0x0000000085c00000| PB 0x0000000085c00000| Untracked |  0
|  93|0x0000000085d00000, 0x0000000085d00000, 0x0000000085e00000|  0%| F|  |TAMS 0x0000000085d00000| PB 0x0000000085d00000| Untracked |  0
|  94|0x0000000085e00000, 0x0000000085e00000, 0x0000000085f00000|  0%| F|  |TAMS 0x0000000085e00000| PB 0x0000000085e00000| Untracked |  0
|  95|0x0000000085f00000, 0x0000000085f00000, 0x0000000086000000|  0%| F|  |TAMS 0x0000000085f00000| PB 0x0000000085f00000| Untracked |  0
|  96|0x0000000086000000, 0x0000000086000000, 0x0000000086100000|  0%| F|  |TAMS 0x0000000086000000| PB 0x0000000086000000| Untracked |  0
|  97|0x0000000086100000, 0x0000000086200000, 0x0000000086200000|100%| O|  |TAMS 0x0000000086100000| PB 0x0000000086100000| Untracked |  0
|  98|0x0000000086200000, 0x0000000086200000, 0x0000000086300000|  0%| F|  |TAMS 0x0000000086200000| PB 0x0000000086200000| Untracked |  0
|  99|0x0000000086300000, 0x0000000086300000, 0x0000000086400000|  0%| F|  |TAMS 0x0000000086300000| PB 0x0000000086300000| Untracked |  0
| 100|0x0000000086400000, 0x0000000086400000, 0x0000000086500000|  0%| F|  |TAMS 0x0000000086400000| PB 0x0000000086400000| Untracked |  0
| 101|0x0000000086500000, 0x0000000086500000, 0x0000000086600000|  0%| F|  |TAMS 0x0000000086500000| PB 0x0000000086500000| Untracked |  0
| 102|0x0000000086600000, 0x0000000086600000, 0x0000000086700000|  0%| F|  |TAMS 0x0000000086600000| PB 0x0000000086600000| Untracked |  0
| 103|0x0000000086700000, 0x0000000086773ae0, 0x0000000086800000| 45%| S|CS|TAMS 0x0000000086700000| PB 0x0000000086700000| Complete |  0
| 104|0x0000000086800000, 0x0000000086900000, 0x0000000086900000|100%| S|CS|TAMS 0x0000000086800000| PB 0x0000000086800000| Complete |  0
| 105|0x0000000086900000, 0x0000000086a00000, 0x0000000086a00000|100%| S|CS|TAMS 0x0000000086900000| PB 0x0000000086900000| Complete |  0
| 106|0x0000000086a00000, 0x0000000086b00000, 0x0000000086b00000|100%| S|CS|TAMS 0x0000000086a00000| PB 0x0000000086a00000| Complete |  0
| 107|0x0000000086b00000, 0x0000000086b00000, 0x0000000086c00000|  0%| F|  |TAMS 0x0000000086b00000| PB 0x0000000086b00000| Untracked |  0
| 108|0x0000000086c00000, 0x0000000086c00000, 0x0000000086d00000|  0%| F|  |TAMS 0x0000000086c00000| PB 0x0000000086c00000| Untracked |  0
| 109|0x0000000086d00000, 0x0000000086d00000, 0x0000000086e00000|  0%| F|  |TAMS 0x0000000086d00000| PB 0x0000000086d00000| Untracked |  0
| 110|0x0000000086e00000, 0x0000000086e00000, 0x0000000086f00000|  0%| F|  |TAMS 0x0000000086e00000| PB 0x0000000086e00000| Untracked |  0
| 111|0x0000000086f00000, 0x0000000086f00000, 0x0000000087000000|  0%| F|  |TAMS 0x0000000086f00000| PB 0x0000000086f00000| Untracked |  0
| 112|0x0000000087000000, 0x0000000087000000, 0x0000000087100000|  0%| F|  |TAMS 0x0000000087000000| PB 0x0000000087000000| Untracked |  0
| 113|0x0000000087100000, 0x0000000087100000, 0x0000000087200000|  0%| F|  |TAMS 0x0000000087100000| PB 0x0000000087100000| Untracked |  0
| 114|0x0000000087200000, 0x0000000087200000, 0x0000000087300000|  0%| F|  |TAMS 0x0000000087200000| PB 0x0000000087200000| Untracked |  0
| 115|0x0000000087300000, 0x0000000087300000, 0x0000000087400000|  0%| F|  |TAMS 0x0000000087300000| PB 0x0000000087300000| Untracked |  0
| 116|0x0000000087400000, 0x0000000087400000, 0x0000000087500000|  0%| F|  |TAMS 0x0000000087400000| PB 0x0000000087400000| Untracked |  0
| 117|0x0000000087500000, 0x0000000087500000, 0x0000000087600000|  0%| F|  |TAMS 0x0000000087500000| PB 0x0000000087500000| Untracked |  0
| 118|0x0000000087600000, 0x0000000087600000, 0x0000000087700000|  0%| F|  |TAMS 0x0000000087600000| PB 0x0000000087600000| Untracked |  0
| 119|0x0000000087700000, 0x0000000087700000, 0x0000000087800000|  0%| F|  |TAMS 0x0000000087700000| PB 0x0000000087700000| Untracked |  0
| 120|0x0000000087800000, 0x0000000087800000, 0x0000000087900000|  0%| F|  |TAMS 0x0000000087800000| PB 0x0000000087800000| Untracked |  0
| 121|0x0000000087900000, 0x0000000087900000, 0x0000000087a00000|  0%| F|  |TAMS 0x0000000087900000| PB 0x0000000087900000| Untracked |  0
| 122|0x0000000087a00000, 0x0000000087a00000, 0x0000000087b00000|  0%| F|  |TAMS 0x0000000087a00000| PB 0x0000000087a00000| Untracked |  0
| 123|0x0000000087b00000, 0x0000000087b00000, 0x0000000087c00000|  0%| F|  |TAMS 0x0000000087b00000| PB 0x0000000087b00000| Untracked |  0
| 124|0x0000000087c00000, 0x0000000087c00000, 0x0000000087d00000|  0%| F|  |TAMS 0x0000000087c00000| PB 0x0000000087c00000| Untracked |  0
| 125|0x0000000087d00000, 0x0000000087d00000, 0x0000000087e00000|  0%| F|  |TAMS 0x0000000087d00000| PB 0x0000000087d00000| Untracked |  0
| 126|0x0000000087e00000, 0x0000000087e00000, 0x0000000087f00000|  0%| F|  |TAMS 0x0000000087e00000| PB 0x0000000087e00000| Untracked |  0
| 127|0x0000000087f00000, 0x0000000087f00000, 0x0000000088000000|  0%| F|  |TAMS 0x0000000087f00000| PB 0x0000000087f00000| Untracked |  0
| 128|0x0000000088000000, 0x0000000088000000, 0x0000000088100000|  0%| F|  |TAMS 0x0000000088000000| PB 0x0000000088000000| Untracked |  0
| 129|0x0000000088100000, 0x0000000088100000, 0x0000000088200000|  0%| F|  |TAMS 0x0000000088100000| PB 0x0000000088100000| Untracked |  0
| 130|0x0000000088200000, 0x0000000088200000, 0x0000000088300000|  0%| F|  |TAMS 0x0000000088200000| PB 0x0000000088200000| Untracked |  0
| 131|0x0000000088300000, 0x0000000088300000, 0x0000000088400000|  0%| F|  |TAMS 0x0000000088300000| PB 0x0000000088300000| Untracked |  0
| 132|0x0000000088400000, 0x0000000088400000, 0x0000000088500000|  0%| F|  |TAMS 0x0000000088400000| PB 0x0000000088400000| Untracked |  0
| 133|0x0000000088500000, 0x0000000088500000, 0x0000000088600000|  0%| F|  |TAMS 0x0000000088500000| PB 0x0000000088500000| Untracked |  0
| 134|0x0000000088600000, 0x0000000088600000, 0x0000000088700000|  0%| F|  |TAMS 0x0000000088600000| PB 0x0000000088600000| Untracked |  0
| 135|0x0000000088700000, 0x0000000088700000, 0x0000000088800000|  0%| F|  |TAMS 0x0000000088700000| PB 0x0000000088700000| Untracked |  0
| 154|0x0000000089a00000, 0x0000000089a00000, 0x0000000089b00000|  0%| F|  |TAMS 0x0000000089a00000| PB 0x0000000089a00000| Untracked |  0
| 155|0x0000000089b00000, 0x0000000089b40518, 0x0000000089c00000| 25%| E|  |TAMS 0x0000000089b00000| PB 0x0000000089b00000| Complete |  0
| 156|0x0000000089c00000, 0x0000000089d00000, 0x0000000089d00000|100%| E|CS|TAMS 0x0000000089c00000| PB 0x0000000089c00000| Complete |  0
| 157|0x0000000089d00000, 0x0000000089e00000, 0x0000000089e00000|100%| E|CS|TAMS 0x0000000089d00000| PB 0x0000000089d00000| Complete |  0
| 158|0x0000000089e00000, 0x0000000089f00000, 0x0000000089f00000|100%| E|CS|TAMS 0x0000000089e00000| PB 0x0000000089e00000| Complete |  0
| 159|0x0000000089f00000, 0x000000008a000000, 0x000000008a000000|100%| E|CS|TAMS 0x0000000089f00000| PB 0x0000000089f00000| Complete |  0
| 160|0x000000008a000000, 0x000000008a100000, 0x000000008a100000|100%| E|CS|TAMS 0x000000008a000000| PB 0x000000008a000000| Complete |  0
| 161|0x000000008a100000, 0x000000008a200000, 0x000000008a200000|100%| E|CS|TAMS 0x000000008a100000| PB 0x000000008a100000| Complete |  0
| 162|0x000000008a200000, 0x000000008a300000, 0x000000008a300000|100%| E|CS|TAMS 0x000000008a200000| PB 0x000000008a200000| Complete |  0
| 163|0x000000008a300000, 0x000000008a400000, 0x000000008a400000|100%| E|CS|TAMS 0x000000008a300000| PB 0x000000008a300000| Complete |  0
| 164|0x000000008a400000, 0x000000008a500000, 0x000000008a500000|100%| E|CS|TAMS 0x000000008a400000| PB 0x000000008a400000| Complete |  0
| 165|0x000000008a500000, 0x000000008a600000, 0x000000008a600000|100%| E|CS|TAMS 0x000000008a500000| PB 0x000000008a500000| Complete |  0
| 254|0x000000008fe00000, 0x000000008ff00000, 0x000000008ff00000|100%| E|CS|TAMS 0x000000008fe00000| PB 0x000000008fe00000| Complete |  0
| 255|0x000000008ff00000, 0x0000000090000000, 0x0000000090000000|100%| E|CS|TAMS 0x000000008ff00000| PB 0x000000008ff00000| Complete |  0
|2038|0x00000000ff600000, 0x00000000ff700000, 0x00000000ff700000|100%| O|  |TAMS 0x00000000ff700000| PB 0x00000000ff700000| Updating |  0
|2039|0x00000000ff700000, 0x00000000ff800000, 0x00000000ff800000|100%| O|  |TAMS 0x00000000ff800000| PB 0x00000000ff800000| Untracked |  0
|2040|0x00000000ff800000, 0x00000000ff900000, 0x00000000ff900000|100%| O|  |TAMS 0x00000000ff900000| PB 0x00000000ff900000| Updating |  0
|2041|0x00000000ff900000, 0x00000000ffa00000, 0x00000000ffa00000|100%| O|  |TAMS 0x00000000ffa00000| PB 0x00000000ffa00000| Untracked |  0
|2042|0x00000000ffa00000, 0x00000000ffb00000, 0x00000000ffb00000|100%| O|  |TAMS 0x00000000ffb00000| PB 0x00000000ffb00000| Updating |  0
|2043|0x00000000ffb00000, 0x00000000ffc00000, 0x00000000ffc00000|100%| O|  |TAMS 0x00000000ffc00000| PB 0x00000000ffc00000| Untracked |  0
|2044|0x00000000ffc00000, 0x00000000ffd00000, 0x00000000ffd00000|100%| O|  |TAMS 0x00000000ffd00000| PB 0x00000000ffd00000| Untracked |  0
|2045|0x00000000ffd00000, 0x00000000ffe00000, 0x00000000ffe00000|100%| O|  |TAMS 0x00000000ffe00000| PB 0x00000000ffe00000| Untracked |  0
|2046|0x00000000ffe00000, 0x00000000fff00000, 0x00000000fff00000|100%| O|  |TAMS 0x00000000fff00000| PB 0x00000000fff00000| Untracked |  0
|2047|0x00000000fff00000, 0x0000000100000000, 0x0000000100000000|100%| O|  |TAMS 0x0000000100000000| PB 0x0000000100000000| Untracked |  0

Card table byte_map: [0x0000018dcc660000,0x0000018dcca60000] _byte_map_base: 0x0000018dcc260000

Marking Bits: (CMBitMap*) 0x0000018db2cca8e0
 Bits: [0x0000018dcca60000, 0x0000018dcea60000)

Polling page: 0x0000018db2750000

Metaspace:

Usage:
  Non-class:     71.80 MB used.
      Class:     12.10 MB used.
       Both:     83.91 MB used.

Virtual space:
  Non-class space:      128.00 MB reserved,      73.06 MB ( 57%) committed,  2 nodes.
      Class space:      416.00 MB reserved,      13.25 MB (  3%) committed,  1 nodes.
             Both:      544.00 MB reserved,      86.31 MB ( 16%) committed. 

Chunk freelists:
   Non-Class:  6.36 MB
       Class:  2.82 MB
        Both:  9.17 MB

MaxMetaspaceSize: 512.00 MB
CompressedClassSpaceSize: 416.00 MB
Initial GC threshold: 21.00 MB
Current GC threshold: 139.31 MB
CDS: on
 - commit_granule_bytes: 65536.
 - commit_granule_words: 8192.
 - virtual_space_node_default_size: 8388608.
 - enlarge_chunks_in_place: 1.
 - use_allocation_guard: 0.


Internal statistics:

num_allocs_failed_limit: 15.
num_arena_births: 3972.
num_arena_deaths: 42.
num_vsnodes_births: 3.
num_vsnodes_deaths: 0.
num_space_committed: 1381.
num_space_uncommitted: 0.
num_chunks_returned_to_freelist: 76.
num_chunks_taken_from_freelist: 7895.
num_chunk_merges: 9.
num_chunk_splits: 5142.
num_chunks_enlarged: 3212.
num_inconsistent_stats: 0.

CodeHeap 'non-profiled nmethods': size=120000Kb used=7047Kb max_used=7761Kb free=112952Kb
 bounds [0x0000018dc40b0000, 0x0000018dc4850000, 0x0000018dcb5e0000]
CodeHeap 'profiled nmethods': size=120000Kb used=21661Kb max_used=22252Kb free=98339Kb
 bounds [0x0000018dbc5e0000, 0x0000018dbdba0000, 0x0000018dc3b10000]
CodeHeap 'non-nmethods': size=5760Kb used=2870Kb max_used=2953Kb free=2890Kb
 bounds [0x0000018dc3b10000, 0x0000018dc3e10000, 0x0000018dc40b0000]
 total_blobs=12698 nmethods=11730 adapters=872
 compilation: enabled
              stopped_count=0, restarted_count=0
 full_count=0

Compilation events (20 events):
Event: 18.229 Thread 0x0000018dd178a010 nmethod 13757 0x0000018dbdb97790 code [0x0000018dbdb97960, 0x0000018dbdb97cd8]
Event: 18.229 Thread 0x0000018dd178a010 13758       3       org.gradle.internal.snapshot.impl.FileValueSnapshot::isolate (15 bytes)
Event: 18.229 Thread 0x0000018dd178a010 nmethod 13758 0x0000018dbdb97e10 code [0x0000018dbdb97fc0, 0x0000018dbdb982c8]
Event: 18.230 Thread 0x0000018dd178a010 13759       3       org.gradle.api.internal.file.IdentityFileResolver::doResolve (30 bytes)
Event: 18.230 Thread 0x0000018df31de2a0 nmethod 13741 0x0000018dc4841910 code [0x0000018dc4841ac0, 0x0000018dc4841d70]
Event: 18.230 Thread 0x0000018df31de2a0 13735       4       org.gradle.internal.vfs.impl.DefaultSnapshotHierarchy::findMetadata (37 bytes)
Event: 18.230 Thread 0x0000018dd178a010 nmethod 13759 0x0000018dbdb98410 code [0x0000018dbdb986a0, 0x0000018dbdb992a8]
Event: 18.230 Thread 0x0000018dd178a010 13760       3       org.gradle.internal.hash.HashCode::access$300 (6 bytes)
Event: 18.230 Thread 0x0000018dd178a010 nmethod 13760 0x0000018dbdb99710 code [0x0000018dbdb998c0, 0x0000018dbdb99b00]
Event: 18.230 Thread 0x0000018dd178a010 13761       3       org.gradle.internal.hash.HashCode::compareLong (22 bytes)
Event: 18.231 Thread 0x0000018dd178a010 nmethod 13761 0x0000018dbdb99c10 code [0x0000018dbdb99dc0, 0x0000018dbdb99fa0]
Event: 18.231 Thread 0x0000018dd178a010 13762       3       org.gradle.internal.hash.HashCode$HashCode128::compareTo (9 bytes)
Event: 18.231 Thread 0x0000018dd178a010 nmethod 13762 0x0000018dbdb9a010 code [0x0000018dbdb9a1c0, 0x0000018dbdb9a3d8]
Event: 18.231 Thread 0x0000018dd178a010 13763       3       org.gradle.internal.hash.HashCode$HashCode128::compareTo (56 bytes)
Event: 18.231 Thread 0x0000018dd178a010 nmethod 13763 0x0000018dbdb9a490 code [0x0000018dbdb9a6c0, 0x0000018dbdb9ae68]
Event: 18.232 Thread 0x0000018df31de970 nmethod 13737 0x0000018dc4841f10 code [0x0000018dc48421c0, 0x0000018dc4843738]
Event: 18.232 Thread 0x0000018df31de970 13703       4       sun.nio.fs.WindowsPath::getFileSystem (5 bytes)
Event: 18.232 Thread 0x0000018df31de970 nmethod 13703 0x0000018dc4844310 code [0x0000018dc4844480, 0x0000018dc4844510]
Event: 18.232 Thread 0x0000018df31de970 13764       4       org.gradle.internal.operations.DefaultBuildOperationAncestryTracker::finished (15 bytes)
Event: 18.232 Thread 0x0000018dd178a010 13765       3       org.gradle.internal.work.DefaultWorkerLeaseService$3::run (48 bytes)

GC Heap History (20 events):
Event: 9.447 GC heap before
{Heap before GC invocations=18 (full 0):
 garbage-first heap   total reserved 2097152K, committed 130048K, used 115456K [0x0000000080000000, 0x0000000100000000)
  region size 1024K, 55 young (56320K), 6 survivors (6144K)
 Metaspace       used 70264K, committed 72448K, reserved 491520K
  class space    used 10216K, committed 11264K, reserved 425984K
}
Event: 9.452 GC heap after
{Heap after GC invocations=19 (full 0):
 garbage-first heap   total reserved 2097152K, committed 130048K, used 68921K [0x0000000080000000, 0x0000000100000000)
  region size 1024K, 7 young (7168K), 7 survivors (7168K)
 Metaspace       used 70264K, committed 72448K, reserved 491520K
  class space    used 10216K, committed 11264K, reserved 425984K
}
Event: 10.149 GC heap before
{Heap before GC invocations=20 (full 0):
 garbage-first heap   total reserved 2097152K, committed 130048K, used 126265K [0x0000000080000000, 0x0000000100000000)
  region size 1024K, 51 young (52224K), 7 survivors (7168K)
 Metaspace       used 71770K, committed 73984K, reserved 491520K
  class space    used 10419K, committed 11456K, reserved 425984K
}
Event: 10.154 GC heap after
{Heap after GC invocations=21 (full 0):
 garbage-first heap   total reserved 2097152K, committed 137216K, used 84695K [0x0000000080000000, 0x0000000100000000)
  region size 1024K, 7 young (7168K), 7 survivors (7168K)
 Metaspace       used 71770K, committed 73984K, reserved 491520K
  class space    used 10419K, committed 11456K, reserved 425984K
}
Event: 10.570 GC heap before
{Heap before GC invocations=21 (full 0):
 garbage-first heap   total reserved 2097152K, committed 137216K, used 121559K [0x0000000080000000, 0x0000000100000000)
  region size 1024K, 43 young (44032K), 7 survivors (7168K)
 Metaspace       used 74367K, committed 76608K, reserved 491520K
  class space    used 10768K, committed 11840K, reserved 425984K
}
Event: 10.574 GC heap after
{Heap after GC invocations=22 (full 0):
 garbage-first heap   total reserved 2097152K, committed 137216K, used 87380K [0x0000000080000000, 0x0000000100000000)
  region size 1024K, 3 young (3072K), 3 survivors (3072K)
 Metaspace       used 74367K, committed 76608K, reserved 491520K
  class space    used 10768K, committed 11840K, reserved 425984K
}
Event: 10.982 GC heap before
{Heap before GC invocations=22 (full 0):
 garbage-first heap   total reserved 2097152K, committed 137216K, used 124244K [0x0000000080000000, 0x0000000100000000)
  region size 1024K, 40 young (40960K), 3 survivors (3072K)
 Metaspace       used 76255K, committed 78528K, reserved 557056K
  class space    used 11033K, committed 12096K, reserved 425984K
}
Event: 10.986 GC heap after
{Heap after GC invocations=23 (full 0):
 garbage-first heap   total reserved 2097152K, committed 137216K, used 89302K [0x0000000080000000, 0x0000000100000000)
  region size 1024K, 5 young (5120K), 5 survivors (5120K)
 Metaspace       used 76255K, committed 78528K, reserved 557056K
  class space    used 11033K, committed 12096K, reserved 425984K
}
Event: 11.476 GC heap before
{Heap before GC invocations=24 (full 0):
 garbage-first heap   total reserved 2097152K, committed 150528K, used 123094K [0x0000000080000000, 0x0000000100000000)
  region size 1024K, 38 young (38912K), 5 survivors (5120K)
 Metaspace       used 77885K, committed 80128K, reserved 557056K
  class space    used 11291K, committed 12352K, reserved 425984K
}
Event: 11.479 GC heap after
{Heap after GC invocations=25 (full 0):
 garbage-first heap   total reserved 2097152K, committed 150528K, used 91930K [0x0000000080000000, 0x0000000100000000)
  region size 1024K, 5 young (5120K), 5 survivors (5120K)
 Metaspace       used 77885K, committed 80128K, reserved 557056K
  class space    used 11291K, committed 12352K, reserved 425984K
}
Event: 12.693 GC heap before
{Heap before GC invocations=25 (full 0):
 garbage-first heap   total reserved 2097152K, committed 150528K, used 135962K [0x0000000080000000, 0x0000000100000000)
  region size 1024K, 49 young (50176K), 5 survivors (5120K)
 Metaspace       used 82241K, committed 84608K, reserved 557056K
  class space    used 11985K, committed 13120K, reserved 425984K
}
Event: 12.700 GC heap after
{Heap after GC invocations=26 (full 0):
 garbage-first heap   total reserved 2097152K, committed 150528K, used 95455K [0x0000000080000000, 0x0000000100000000)
  region size 1024K, 7 young (7168K), 7 survivors (7168K)
 Metaspace       used 82241K, committed 84608K, reserved 557056K
  class space    used 11985K, committed 13120K, reserved 425984K
}
Event: 13.076 GC heap before
{Heap before GC invocations=26 (full 0):
 garbage-first heap   total reserved 2097152K, committed 150528K, used 133343K [0x0000000080000000, 0x0000000100000000)
  region size 1024K, 45 young (46080K), 7 survivors (7168K)
 Metaspace       used 83157K, committed 85504K, reserved 557056K
  class space    used 12101K, committed 13248K, reserved 425984K
}
Event: 13.082 GC heap after
{Heap after GC invocations=27 (full 0):
 garbage-first heap   total reserved 2097152K, committed 150528K, used 97986K [0x0000000080000000, 0x0000000100000000)
  region size 1024K, 3 young (3072K), 3 survivors (3072K)
 Metaspace       used 83157K, committed 85504K, reserved 557056K
  class space    used 12101K, committed 13248K, reserved 425984K
}
Event: 17.196 GC heap before
{Heap before GC invocations=28 (full 0):
 garbage-first heap   total reserved 2097152K, committed 163840K, used 137922K [0x0000000080000000, 0x0000000100000000)
  region size 1024K, 43 young (44032K), 3 survivors (3072K)
 Metaspace       used 84817K, committed 87168K, reserved 557056K
  class space    used 12316K, committed 13440K, reserved 425984K
}
Event: 17.199 GC heap after
{Heap after GC invocations=29 (full 0):
 garbage-first heap   total reserved 2097152K, committed 163840K, used 100917K [0x0000000080000000, 0x0000000100000000)
  region size 1024K, 6 young (6144K), 6 survivors (6144K)
 Metaspace       used 84817K, committed 87168K, reserved 557056K
  class space    used 12316K, committed 13440K, reserved 425984K
}
Event: 17.716 GC heap before
{Heap before GC invocations=29 (full 0):
 garbage-first heap   total reserved 2097152K, committed 163840K, used 149045K [0x0000000080000000, 0x0000000100000000)
  region size 1024K, 53 young (54272K), 6 survivors (6144K)
 Metaspace       used 85515K, committed 87936K, reserved 557056K
  class space    used 12395K, committed 13568K, reserved 425984K
}
Event: 17.721 GC heap after
{Heap after GC invocations=30 (full 0):
 garbage-first heap   total reserved 2097152K, committed 163840K, used 103985K [0x0000000080000000, 0x0000000100000000)
  region size 1024K, 7 young (7168K), 7 survivors (7168K)
 Metaspace       used 85515K, committed 87936K, reserved 557056K
  class space    used 12395K, committed 13568K, reserved 425984K
}
Event: 18.170 GC heap before
{Heap before GC invocations=30 (full 0):
 garbage-first heap   total reserved 2097152K, committed 163840K, used 146993K [0x0000000080000000, 0x0000000100000000)
  region size 1024K, 50 young (51200K), 7 survivors (7168K)
 Metaspace       used 85945K, committed 88384K, reserved 557056K
  class space    used 12402K, committed 13568K, reserved 425984K
}
Event: 18.175 GC heap after
{Heap after GC invocations=31 (full 0):
 garbage-first heap   total reserved 2097152K, committed 163840K, used 106958K [0x0000000080000000, 0x0000000100000000)
  region size 1024K, 4 young (4096K), 4 survivors (4096K)
 Metaspace       used 85945K, committed 88384K, reserved 557056K
  class space    used 12402K, committed 13568K, reserved 425984K
}

Dll operation events (15 events):
Event: 0.008 Loaded shared library C:\Program Files\Java\jdk-22\bin\java.dll
Event: 0.031 Loaded shared library C:\Program Files\Java\jdk-22\bin\jsvml.dll
Event: 0.084 Loaded shared library C:\Program Files\Java\jdk-22\bin\zip.dll
Event: 0.087 Loaded shared library C:\Program Files\Java\jdk-22\bin\instrument.dll
Event: 0.090 Loaded shared library C:\Program Files\Java\jdk-22\bin\net.dll
Event: 0.092 Loaded shared library C:\Program Files\Java\jdk-22\bin\nio.dll
Event: 0.096 Loaded shared library C:\Program Files\Java\jdk-22\bin\zip.dll
Event: 0.343 Loaded shared library C:\Program Files\Java\jdk-22\bin\jimage.dll
Event: 0.578 Loaded shared library C:\Program Files\Java\jdk-22\bin\verify.dll
Event: 0.648 Loaded shared library C:\Users\Xoan\.gradle\native\1def1411415f61bf3af743bc5b6707747c0891f09f0c88961ee8f79bc544acac\windows-amd64\native-platform.dll
Event: 0.656 Loaded shared library C:\Users\Xoan\.gradle\native\0.2.7\x86_64-windows-gnu\gradle-fileevents.dll
Event: 1.764 Loaded shared library C:\Program Files\Java\jdk-22\bin\management.dll
Event: 1.766 Loaded shared library C:\Program Files\Java\jdk-22\bin\management_ext.dll
Event: 1.858 Loaded shared library C:\Program Files\Java\jdk-22\bin\extnet.dll
Event: 1.997 Loaded shared library C:\Program Files\Java\jdk-22\bin\sunmscapi.dll

Deoptimization events (20 events):
Event: 18.197 Thread 0x0000018df28da9d0 Uncommon trap: trap_request=0xffffffbe fr.pc=0x0000018dc483ab88 relative=0x00000000000006a8
Event: 18.197 Thread 0x0000018df28da9d0 Uncommon trap: reason=profile_predicate action=maybe_recompile pc=0x0000018dc483ab88 method=java.util.TimSort.reverseRange([Ljava/lang/Object;II)V @ 5 c2
Event: 18.197 Thread 0x0000018df28da9d0 DEOPT PACKING pc=0x0000018dc483ab88 sp=0x0000004b441f4440
Event: 18.197 Thread 0x0000018df28da9d0 DEOPT UNPACKING pc=0x0000018dc3b646a2 sp=0x0000004b441f4378 mode 2
Event: 18.198 Thread 0x0000018df28da9d0 Uncommon trap: trap_request=0xffffffbe fr.pc=0x0000018dc483ab88 relative=0x00000000000006a8
Event: 18.198 Thread 0x0000018df28da9d0 Uncommon trap: reason=profile_predicate action=maybe_recompile pc=0x0000018dc483ab88 method=java.util.TimSort.reverseRange([Ljava/lang/Object;II)V @ 5 c2
Event: 18.198 Thread 0x0000018df28da9d0 DEOPT PACKING pc=0x0000018dc483ab88 sp=0x0000004b441f4440
Event: 18.198 Thread 0x0000018df28da9d0 DEOPT UNPACKING pc=0x0000018dc3b646a2 sp=0x0000004b441f4378 mode 2
Event: 18.199 Thread 0x0000018df28da9d0 Uncommon trap: trap_request=0xffffffbe fr.pc=0x0000018dc483ab88 relative=0x00000000000006a8
Event: 18.199 Thread 0x0000018df28da9d0 Uncommon trap: reason=profile_predicate action=maybe_recompile pc=0x0000018dc483ab88 method=java.util.TimSort.reverseRange([Ljava/lang/Object;II)V @ 5 c2
Event: 18.199 Thread 0x0000018df28da9d0 DEOPT PACKING pc=0x0000018dc483ab88 sp=0x0000004b441f4440
Event: 18.199 Thread 0x0000018df28da9d0 DEOPT UNPACKING pc=0x0000018dc3b646a2 sp=0x0000004b441f4378 mode 2
Event: 18.220 Thread 0x0000018df28da9d0 Uncommon trap: trap_request=0xffffffd6 fr.pc=0x0000018dc4840124 relative=0x00000000000008c4
Event: 18.220 Thread 0x0000018df28da9d0 Uncommon trap: reason=array_check action=maybe_recompile pc=0x0000018dc4840124 method=java.util.TimSort.reverseRange([Ljava/lang/Object;II)V @ 27 c2
Event: 18.220 Thread 0x0000018df28da9d0 DEOPT PACKING pc=0x0000018dc4840124 sp=0x0000004b441f44d0
Event: 18.220 Thread 0x0000018df28da9d0 DEOPT UNPACKING pc=0x0000018dc3b646a2 sp=0x0000004b441f4400 mode 2
Event: 18.221 Thread 0x0000018df28da9d0 Uncommon trap: trap_request=0xffffffd6 fr.pc=0x0000018dc4840124 relative=0x00000000000008c4
Event: 18.221 Thread 0x0000018df28da9d0 Uncommon trap: reason=array_check action=maybe_recompile pc=0x0000018dc4840124 method=java.util.TimSort.reverseRange([Ljava/lang/Object;II)V @ 27 c2
Event: 18.221 Thread 0x0000018df28da9d0 DEOPT PACKING pc=0x0000018dc4840124 sp=0x0000004b441f44d0
Event: 18.221 Thread 0x0000018df28da9d0 DEOPT UNPACKING pc=0x0000018dc3b646a2 sp=0x0000004b441f4400 mode 2

Classes loaded (20 events):
Event: 12.953 Loading class java/util/concurrent/ConcurrentLinkedQueue$Itr
Event: 12.953 Loading class java/util/concurrent/ConcurrentLinkedQueue$Itr done
Event: 13.395 Loading class java/util/concurrent/atomic/AtomicIntegerArray
Event: 13.395 Loading class java/util/concurrent/atomic/AtomicIntegerArray done
Event: 13.396 Loading class java/util/Currency
Event: 13.397 Loading class java/util/Currency done
Event: 13.399 Loading class java/util/concurrent/atomic/AtomicLongArray
Event: 13.399 Loading class java/util/concurrent/atomic/AtomicLongArray done
Event: 13.413 Loading class sun/reflect/generics/repository/FieldRepository
Event: 13.413 Loading class sun/reflect/generics/repository/FieldRepository done
Event: 13.416 Loading class jdk/internal/vm/annotation/ForceInline
Event: 13.416 Loading class jdk/internal/vm/annotation/ForceInline done
Event: 13.420 Loading class java/util/AbstractMap$2
Event: 13.420 Loading class java/util/AbstractMap$2 done
Event: 13.420 Loading class java/util/AbstractMap$ValueIterator
Event: 13.420 Loading class java/util/AbstractMap$ValueIterator done
Event: 17.772 Loading class java/util/Collections$ReverseComparator
Event: 17.772 Loading class java/util/Collections$ReverseComparator done
Event: 17.772 Loading class java/util/Collections$ReverseComparator2
Event: 17.772 Loading class java/util/Collections$ReverseComparator2 done

Classes unloaded (20 events):
Event: 18.233 Thread 0x0000018dd1742690 Unloading class 0x0000018dd3c98c00 'java/lang/invoke/LambdaForm$MH+0x0000018dd3c98c00'
Event: 18.233 Thread 0x0000018dd1742690 Unloading class 0x0000018dd3c98400 'java/lang/invoke/LambdaForm$MH+0x0000018dd3c98400'
Event: 18.233 Thread 0x0000018dd1742690 Unloading class 0x0000018dd3c97c00 'java/lang/invoke/LambdaForm$MH+0x0000018dd3c97c00'
Event: 18.233 Thread 0x0000018dd1742690 Unloading class 0x0000018dd3c97400 'java/lang/invoke/LambdaForm$MH+0x0000018dd3c97400'
Event: 18.233 Thread 0x0000018dd1742690 Unloading class 0x0000018dd3c96c00 'java/lang/invoke/LambdaForm$MH+0x0000018dd3c96c00'
Event: 18.233 Thread 0x0000018dd1742690 Unloading class 0x0000018dd3c96000 'java/lang/invoke/LambdaForm$MH+0x0000018dd3c96000'
Event: 18.233 Thread 0x0000018dd1742690 Unloading class 0x0000018dd3c95800 'java/lang/invoke/LambdaForm$MH+0x0000018dd3c95800'
Event: 18.233 Thread 0x0000018dd1742690 Unloading class 0x0000018dd3c95000 'java/lang/invoke/LambdaForm$MH+0x0000018dd3c95000'
Event: 18.233 Thread 0x0000018dd1742690 Unloading class 0x0000018dd3c94800 'java/lang/invoke/LambdaForm$MH+0x0000018dd3c94800'
Event: 18.233 Thread 0x0000018dd1742690 Unloading class 0x0000018dd3c94000 'java/lang/invoke/LambdaForm$MH+0x0000018dd3c94000'
Event: 18.233 Thread 0x0000018dd1742690 Unloading class 0x0000018dd3c93800 'java/lang/invoke/LambdaForm$MH+0x0000018dd3c93800'
Event: 18.233 Thread 0x0000018dd1742690 Unloading class 0x0000018dd3c93000 'java/lang/invoke/LambdaForm$MH+0x0000018dd3c93000'
Event: 18.233 Thread 0x0000018dd1742690 Unloading class 0x0000018dd3c92800 'java/lang/invoke/LambdaForm$MH+0x0000018dd3c92800'
Event: 18.233 Thread 0x0000018dd1742690 Unloading class 0x0000018dd3c92400 'java/lang/invoke/LambdaForm$MH+0x0000018dd3c92400'
Event: 18.233 Thread 0x0000018dd1742690 Unloading class 0x0000018dd3c91800 'java/lang/invoke/LambdaForm$MH+0x0000018dd3c91800'
Event: 18.233 Thread 0x0000018dd1742690 Unloading class 0x0000018dd3c91000 'java/lang/invoke/LambdaForm$MH+0x0000018dd3c91000'
Event: 18.233 Thread 0x0000018dd1742690 Unloading class 0x0000018dd3c90c00 'java/lang/invoke/LambdaForm$MH+0x0000018dd3c90c00'
Event: 18.233 Thread 0x0000018dd1742690 Unloading class 0x0000018dd3c90400 'java/lang/invoke/LambdaForm$DMH+0x0000018dd3c90400'
Event: 18.233 Thread 0x0000018dd1742690 Unloading class 0x0000018dd3c7cc00 'java/lang/invoke/LambdaForm$MH+0x0000018dd3c7cc00'
Event: 18.233 Thread 0x0000018dd1742690 Unloading class 0x0000018dd3c7c400 'java/lang/invoke/LambdaForm$DMH+0x0000018dd3c7c400'

Classes redefined (0 events):
No events

Internal exceptions (20 events):
Event: 17.562 Thread 0x0000018df28da9d0 Exception <a 'java/lang/ClassNotFoundException'{0x0000000086eeb040}: org/gradle/api/internal/artifacts/DefaultArtifactRepositoryContainerCustomizer> (0x0000000086eeb040) 
thrown [s\open\src\hotspot\share\classfile\systemDictionary.cpp, line 313]
Event: 17.564 Thread 0x0000018df28da9d0 Exception <a 'java/lang/ClassNotFoundException'{0x00000000867361d8}: org/gradle/api/internal/artifacts/dsl/DefaultRepositoryHandlerCustomizer> (0x00000000867361d8) 
thrown [s\open\src\hotspot\share\classfile\systemDictionary.cpp, line 313]
Event: 17.566 Thread 0x0000018df28da9d0 Exception <a 'java/lang/ClassNotFoundException'{0x000000008678edf8}: org/gradle/api/internal/artifacts/dsl/DefaultRepositoryHandler_DecoratedCustomizer> (0x000000008678edf8) 
thrown [s\open\src\hotspot\share\classfile\systemDictionary.cpp, line 313]
Event: 17.571 Thread 0x0000018df28da9d0 Exception <a 'java/lang/ClassNotFoundException'{0x00000000866330b8}: org/gradle/api/internal/artifacts/dsl/dependencies/DefaultDependencyHandler_DecoratedBeanInfo> (0x00000000866330b8) 
thrown [s\open\src\hotspot\share\classfile\systemDictionary.cpp, line 313]
Event: 17.572 Thread 0x0000018df28da9d0 Exception <a 'java/lang/ClassNotFoundException'{0x000000008664bd40}: org/gradle/api/internal/artifacts/dsl/dependencies/DefaultDependencyHandlerBeanInfo> (0x000000008664bd40) 
thrown [s\open\src\hotspot\share\classfile\systemDictionary.cpp, line 313]
Event: 17.573 Thread 0x0000018df28da9d0 Exception <a 'java/lang/ClassNotFoundException'{0x0000000086664180}: org/gradle/api/internal/artifacts/dsl/dependencies/DefaultDependencyHandlerCustomizer> (0x0000000086664180) 
thrown [s\open\src\hotspot\share\classfile\systemDictionary.cpp, line 313]
Event: 17.574 Thread 0x0000018df28da9d0 Exception <a 'java/lang/ClassNotFoundException'{0x00000000866af3d8}: org/gradle/api/internal/artifacts/dsl/dependencies/DefaultDependencyHandler_DecoratedCustomizer> (0x00000000866af3d8) 
thrown [s\open\src\hotspot\share\classfile\systemDictionary.cpp, line 313]
Event: 17.962 Thread 0x0000018dd19644e0 Exception <a 'sun/nio/fs/WindowsException'{0x00000000885b33c0}> (0x00000000885b33c0) 
thrown [s\open\src\hotspot\share\prims\jni.cpp, line 520]
Event: 17.963 Thread 0x0000018dd19644e0 Exception <a 'sun/nio/fs/WindowsException'{0x00000000885b67f8}> (0x00000000885b67f8) 
thrown [s\open\src\hotspot\share\prims\jni.cpp, line 520]
Event: 17.963 Thread 0x0000018dd19644e0 Exception <a 'sun/nio/fs/WindowsException'{0x00000000885b9880}> (0x00000000885b9880) 
thrown [s\open\src\hotspot\share\prims\jni.cpp, line 520]
Event: 17.965 Thread 0x0000018dd19644e0 Exception <a 'sun/nio/fs/WindowsException'{0x00000000885bc3c0}> (0x00000000885bc3c0) 
thrown [s\open\src\hotspot\share\prims\jni.cpp, line 520]
Event: 18.041 Thread 0x0000018df79f00f0 Exception <a 'sun/nio/fs/WindowsException'{0x00000000880fd8b0}> (0x00000000880fd8b0) 
thrown [s\open\src\hotspot\share\prims\jni.cpp, line 520]
Event: 18.042 Thread 0x0000018df79f00f0 Exception <a 'sun/nio/fs/WindowsException'{0x0000000087f06808}> (0x0000000087f06808) 
thrown [s\open\src\hotspot\share\prims\jni.cpp, line 520]
Event: 18.042 Thread 0x0000018df79f00f0 Exception <a 'sun/nio/fs/WindowsException'{0x0000000087f09728}> (0x0000000087f09728) 
thrown [s\open\src\hotspot\share\prims\jni.cpp, line 520]
Event: 18.043 Thread 0x0000018df79f00f0 Exception <a 'sun/nio/fs/WindowsException'{0x0000000087f0bf80}> (0x0000000087f0bf80) 
thrown [s\open\src\hotspot\share\prims\jni.cpp, line 520]
Event: 18.105 Thread 0x0000018df79efa60 Exception <a 'sun/nio/fs/WindowsException'{0x0000000087b5fc58}> (0x0000000087b5fc58) 
thrown [s\open\src\hotspot\share\prims\jni.cpp, line 520]
Event: 18.105 Thread 0x0000018df79efa60 Exception <a 'sun/nio/fs/WindowsException'{0x0000000087b78990}> (0x0000000087b78990) 
thrown [s\open\src\hotspot\share\prims\jni.cpp, line 520]
Event: 18.105 Thread 0x0000018df79efa60 Exception <a 'sun/nio/fs/WindowsException'{0x0000000087b7b490}> (0x0000000087b7b490) 
thrown [s\open\src\hotspot\share\prims\jni.cpp, line 520]
Event: 18.106 Thread 0x0000018df79efa60 Exception <a 'sun/nio/fs/WindowsException'{0x0000000087b7fa40}> (0x0000000087b7fa40) 
thrown [s\open\src\hotspot\share\prims\jni.cpp, line 520]
Event: 18.126 Thread 0x0000018df84cce30 Implicit null exception at 0x0000018dc441b9c0 to 0x0000018dc441ba35

ZGC Phase Switch (0 events):
No events

VM Operations (20 events):
Event: 17.162 Executing VM operation: Cleanup done
Event: 17.196 Executing VM operation: G1CollectForAllocation (G1 Evacuation Pause)
Event: 17.199 Executing VM operation: G1CollectForAllocation (G1 Evacuation Pause) done
Event: 17.570 Executing VM operation: ICBufferFull
Event: 17.570 Executing VM operation: ICBufferFull done
Event: 17.592 Executing VM operation: HandshakeAllThreads (Deoptimize)
Event: 17.593 Executing VM operation: HandshakeAllThreads (Deoptimize) done
Event: 17.716 Executing VM operation: G1CollectForAllocation (G1 Evacuation Pause)
Event: 17.721 Executing VM operation: G1CollectForAllocation (G1 Evacuation Pause) done
Event: 17.841 Executing VM operation: ICBufferFull
Event: 17.841 Executing VM operation: ICBufferFull done
Event: 17.877 Executing VM operation: HandshakeAllThreads (Deoptimize)
Event: 17.877 Executing VM operation: HandshakeAllThreads (Deoptimize) done
Event: 17.908 Executing VM operation: ICBufferFull
Event: 17.908 Executing VM operation: ICBufferFull done
Event: 18.047 Executing VM operation: ICBufferFull
Event: 18.047 Executing VM operation: ICBufferFull done
Event: 18.170 Executing VM operation: G1CollectForAllocation (G1 Evacuation Pause)
Event: 18.175 Executing VM operation: G1CollectForAllocation (G1 Evacuation Pause) done
Event: 18.233 Executing VM operation: G1PauseRemark

Events (20 events):
Event: 18.242 Thread 0x0000018dd1742690 flushing nmethod 0x0000018dbca86390
Event: 18.242 Thread 0x0000018dd1742690 flushing nmethod 0x0000018dbca88c10
Event: 18.242 Thread 0x0000018dd1742690 flushing nmethod 0x0000018dbcaae690
Event: 18.242 Thread 0x0000018dd1742690 flushing nmethod 0x0000018dbcbb7010
Event: 18.242 Thread 0x0000018dd1742690 flushing nmethod 0x0000018dbce27310
Event: 18.242 Thread 0x0000018dd1742690 flushing nmethod 0x0000018dbce6e610
Event: 18.242 Thread 0x0000018dd1742690 flushing nmethod 0x0000018dbceb6b10
Event: 18.242 Thread 0x0000018dd1742690 flushing nmethod 0x0000018dbceb7710
Event: 18.242 Thread 0x0000018dd1742690 flushing nmethod 0x0000018dbd0c7590
Event: 18.242 Thread 0x0000018dd1742690 flushing nmethod 0x0000018dbd0c9f10
Event: 18.242 Thread 0x0000018dd1742690 flushing nmethod 0x0000018dbd0cbe10
Event: 18.242 Thread 0x0000018dd1742690 flushing nmethod 0x0000018dbd22b890
Event: 18.242 Thread 0x0000018dd1742690 flushing nmethod 0x0000018dbd557010
Event: 18.242 Thread 0x0000018dd1742690 flushing nmethod 0x0000018dbd580510
Event: 18.242 Thread 0x0000018dd1742690 flushing nmethod 0x0000018dbd581b10
Event: 18.242 Thread 0x0000018dd1742690 flushing nmethod 0x0000018dbd589310
Event: 18.242 Thread 0x0000018dd1742690 flushing nmethod 0x0000018dbd58a910
Event: 18.242 Thread 0x0000018dd1742690 flushing nmethod 0x0000018dbd58d810
Event: 18.242 Thread 0x0000018dd1742690 flushing nmethod 0x0000018dbd797d90
Event: 18.242 Thread 0x0000018dd1742690 flushing nmethod 0x0000018dbd7d0f90


Dynamic libraries:
0x00007ff682a60000 - 0x00007ff682a70000 	C:\Program Files\Java\jdk-22\bin\java.exe
0x00007ff911f60000 - 0x00007ff9121c7000 	C:\WINDOWS\SYSTEM32\ntdll.dll
0x00007ff911810000 - 0x00007ff9118d9000 	C:\WINDOWS\System32\KERNEL32.DLL
0x00007ff90f5d0000 - 0x00007ff90f9c0000 	C:\WINDOWS\System32\KERNELBASE.dll
0x00007ff90fba0000 - 0x00007ff90fceb000 	C:\WINDOWS\System32\ucrtbase.dll
0x00007ff909f20000 - 0x00007ff909f37000 	C:\Program Files\Java\jdk-22\bin\jli.dll
0x00007ff909f00000 - 0x00007ff909f1b000 	C:\Program Files\Java\jdk-22\bin\VCRUNTIME140.dll
0x00007ff911d50000 - 0x00007ff911e04000 	C:\WINDOWS\System32\ADVAPI32.dll
0x00007ff9118e0000 - 0x00007ff911989000 	C:\WINDOWS\System32\msvcrt.dll
0x00007ff911a50000 - 0x00007ff911af6000 	C:\WINDOWS\System32\sechost.dll
0x00007ff911570000 - 0x00007ff911688000 	C:\WINDOWS\System32\RPCRT4.dll
0x00007ff9111f0000 - 0x00007ff9113b5000 	C:\WINDOWS\System32\USER32.dll
0x00007ff90f150000 - 0x00007ff90f177000 	C:\WINDOWS\System32\win32u.dll
0x00007ff8f30b0000 - 0x00007ff8f334a000 	C:\WINDOWS\WinSxS\amd64_microsoft.windows.common-controls_6595b64144ccf1df_6.0.26100.4768_none_3e0c112ce331287c\COMCTL32.dll
0x00007ff911ef0000 - 0x00007ff911f1b000 	C:\WINDOWS\System32\GDI32.dll
0x00007ff90f9d0000 - 0x00007ff90fb08000 	C:\WINDOWS\System32\gdi32full.dll
0x00007ff90f180000 - 0x00007ff90f223000 	C:\WINDOWS\System32\msvcp_win.dll
0x00007ff909710000 - 0x00007ff90971b000 	C:\WINDOWS\SYSTEM32\VERSION.dll
0x00007ff9119a0000 - 0x00007ff9119cf000 	C:\WINDOWS\System32\IMM32.DLL
0x00007ff9095b0000 - 0x00007ff9095bc000 	C:\Program Files\Java\jdk-22\bin\vcruntime140_1.dll
0x00007ff8ddfa0000 - 0x00007ff8de02e000 	C:\Program Files\Java\jdk-22\bin\msvcp140.dll
0x00007ff88ed50000 - 0x00007ff88fa97000 	C:\Program Files\Java\jdk-22\bin\server\jvm.dll
0x00007ff911e70000 - 0x00007ff911ee4000 	C:\WINDOWS\System32\WS2_32.dll
0x00007ff90eef0000 - 0x00007ff90ef4e000 	C:\WINDOWS\SYSTEM32\POWRPROF.dll
0x00007ff902900000 - 0x00007ff902935000 	C:\WINDOWS\SYSTEM32\WINMM.dll
0x00007ff90eed0000 - 0x00007ff90eee4000 	C:\WINDOWS\SYSTEM32\UMPDC.dll
0x00007ff90ddd0000 - 0x00007ff90ddeb000 	C:\WINDOWS\SYSTEM32\kernel.appcore.dll
0x00007ff9095a0000 - 0x00007ff9095aa000 	C:\Program Files\Java\jdk-22\bin\jimage.dll
0x00007ff8fa9e0000 - 0x00007ff8fac21000 	C:\WINDOWS\SYSTEM32\DBGHELP.DLL
0x00007ff910500000 - 0x00007ff910885000 	C:\WINDOWS\System32\combase.dll
0x00007ff911690000 - 0x00007ff911770000 	C:\WINDOWS\System32\OLEAUT32.dll
0x00007ff8e7660000 - 0x00007ff8e76a3000 	C:\WINDOWS\SYSTEM32\dbgcore.DLL
0x00007ff90f530000 - 0x00007ff90f5c9000 	C:\WINDOWS\System32\bcryptPrimitives.dll
0x00007ff8f28f0000 - 0x00007ff8f28ff000 	C:\Program Files\Java\jdk-22\bin\instrument.dll
0x00007ff8e6450000 - 0x00007ff8e646e000 	C:\Program Files\Java\jdk-22\bin\java.dll
0x00007ff910890000 - 0x00007ff910fdd000 	C:\WINDOWS\System32\SHELL32.dll
0x00007ff90f3b0000 - 0x00007ff90f523000 	C:\WINDOWS\System32\wintypes.dll
0x00007ff9113c0000 - 0x00007ff911560000 	C:\WINDOWS\System32\ole32.dll
0x00007ff90cc50000 - 0x00007ff90d4b0000 	C:\WINDOWS\SYSTEM32\windows.storage.dll
0x00007ff911c00000 - 0x00007ff911cf5000 	C:\WINDOWS\System32\SHCORE.dll
0x00007ff9119e0000 - 0x00007ff911a4a000 	C:\WINDOWS\System32\shlwapi.dll
0x00007ff90efb0000 - 0x00007ff90efd9000 	C:\WINDOWS\SYSTEM32\profapi.dll
0x00007ff88ec70000 - 0x00007ff88ed47000 	C:\Program Files\Java\jdk-22\bin\jsvml.dll
0x00007ff8e63a0000 - 0x00007ff8e63b7000 	C:\Program Files\Java\jdk-22\bin\zip.dll
0x00007ff8e6110000 - 0x00007ff8e6120000 	C:\Program Files\Java\jdk-22\bin\net.dll
0x00007ff90e340000 - 0x00007ff90e3ab000 	C:\WINDOWS\system32\mswsock.dll
0x00007ff8ddf80000 - 0x00007ff8ddf96000 	C:\Program Files\Java\jdk-22\bin\nio.dll
0x00007ff8e5300000 - 0x00007ff8e5310000 	C:\Program Files\Java\jdk-22\bin\verify.dll
0x00007ff8c88c0000 - 0x00007ff8c88e7000 	C:\Users\Xoan\.gradle\native\1def1411415f61bf3af743bc5b6707747c0891f09f0c88961ee8f79bc544acac\windows-amd64\native-platform.dll
0x00007ff8ae360000 - 0x00007ff8ae3d8000 	C:\Users\Xoan\.gradle\native\0.2.7\x86_64-windows-gnu\gradle-fileevents.dll
0x00007ff8e4f60000 - 0x00007ff8e4f6a000 	C:\Program Files\Java\jdk-22\bin\management.dll
0x00007ff8e4950000 - 0x00007ff8e495b000 	C:\Program Files\Java\jdk-22\bin\management_ext.dll
0x00007ff911070000 - 0x00007ff911078000 	C:\WINDOWS\System32\PSAPI.DLL
0x00007ff90d780000 - 0x00007ff90d7b3000 	C:\WINDOWS\SYSTEM32\IPHLPAPI.DLL
0x00007ff911990000 - 0x00007ff91199a000 	C:\WINDOWS\System32\NSI.dll
0x00007ff8e4370000 - 0x00007ff8e4379000 	C:\Program Files\Java\jdk-22\bin\extnet.dll
0x00007ff90e720000 - 0x00007ff90e73b000 	C:\WINDOWS\SYSTEM32\CRYPTSP.dll
0x00007ff90dd30000 - 0x00007ff90dd6b000 	C:\WINDOWS\system32\rsaenh.dll
0x00007ff90e3e0000 - 0x00007ff90e40b000 	C:\WINDOWS\SYSTEM32\USERENV.dll
0x00007ff90ef80000 - 0x00007ff90efa6000 	C:\WINDOWS\SYSTEM32\bcrypt.dll
0x00007ff90e580000 - 0x00007ff90e58c000 	C:\WINDOWS\SYSTEM32\CRYPTBASE.dll
0x00007ff8e7710000 - 0x00007ff8e771e000 	C:\Program Files\Java\jdk-22\bin\sunmscapi.dll
0x00007ff90f230000 - 0x00007ff90f3a7000 	C:\WINDOWS\System32\CRYPT32.dll
0x00007ff90e880000 - 0x00007ff90e8b0000 	C:\WINDOWS\SYSTEM32\ncrypt.dll
0x00007ff90e830000 - 0x00007ff90e86f000 	C:\WINDOWS\SYSTEM32\NTASN1.dll
0x00007ff90c100000 - 0x00007ff90c108000 	C:\WINDOWS\system32\wshunix.dll
0x00007ff8d0200000 - 0x00007ff8d0218000 	C:\WINDOWS\system32\napinsp.dll
0x00007ff90d7c0000 - 0x00007ff90d8e6000 	C:\WINDOWS\SYSTEM32\DNSAPI.dll
0x00007ff8d01e0000 - 0x00007ff8d01f2000 	C:\WINDOWS\System32\winrnr.dll
0x00007ff8d01a0000 - 0x00007ff8d01d0000 	C:\WINDOWS\system32\nlansp_c.dll
0x00007ff8d0170000 - 0x00007ff8d0190000 	C:\WINDOWS\system32\wshbth.dll
0x00007ff9072b0000 - 0x00007ff9072bb000 	C:\Windows\System32\rasadhlp.dll
0x00007ff907650000 - 0x00007ff9076d6000 	C:\WINDOWS\System32\fwpuclnt.dll
0x00007ff90c170000 - 0x00007ff90c20e000 	C:\WINDOWS\system32\apphelp.dll

dbghelp: loaded successfully - version: 4.0.5 - missing functions: none
symbol engine: initialized successfully - sym options: 0x614 - pdb path: .;C:\Program Files\Java\jdk-22\bin;C:\WINDOWS\SYSTEM32;C:\WINDOWS\WinSxS\amd64_microsoft.windows.common-controls_6595b64144ccf1df_6.0.26100.4768_none_3e0c112ce331287c;C:\Program Files\Java\jdk-22\bin\server;C:\Users\Xoan\.gradle\native\1def1411415f61bf3af743bc5b6707747c0891f09f0c88961ee8f79bc544acac\windows-amd64;C:\Users\Xoan\.gradle\native\0.2.7\x86_64-windows-gnu

VM Arguments:
jvm_args: --add-opens=java.base/java.lang=ALL-UNNAMED --add-opens=java.base/java.lang.invoke=ALL-UNNAMED --add-opens=java.base/java.util=ALL-UNNAMED --add-opens=java.prefs/java.util.prefs=ALL-UNNAMED --add-exports=jdk.compiler/com.sun.tools.javac.api=ALL-UNNAMED --add-exports=jdk.compiler/com.sun.tools.javac.util=ALL-UNNAMED --add-opens=java.base/java.util=ALL-UNNAMED --add-opens=java.prefs/java.util.prefs=ALL-UNNAMED --add-opens=java.base/java.nio.charset=ALL-UNNAMED --add-opens=java.base/java.net=ALL-UNNAMED --add-opens=java.base/java.util.concurrent.atomic=ALL-UNNAMED --add-opens=java.xml/javax.xml.namespace=ALL-UNNAMED -XX:MaxMetaspaceSize=512m -Xmx2048m -Dfile.encoding=UTF-8 -Duser.country=CR -Duser.language=es -Duser.variant -javaagent:C:\Users\Xoan\.gradle\wrapper\dists\gradle-8.13-bin\5xuhj0ry160q40clulazy9h7d\gradle-8.13\lib\agents\gradle-instrumentation-agent-8.13.jar 
java_command: org.gradle.launcher.daemon.bootstrap.GradleDaemon 8.13
java_class_path (initial): C:\Users\Xoan\.gradle\wrapper\dists\gradle-8.13-bin\5xuhj0ry160q40clulazy9h7d\gradle-8.13\lib\gradle-daemon-main-8.13.jar
Launcher Type: SUN_STANDARD

[Global flags]
     intx CICompilerCount                          = 4                                         {product} {ergonomic}
   size_t CompressedClassSpaceSize                 = 436207616                                 {product} {ergonomic}
     uint ConcGCThreads                            = 3                                         {product} {ergonomic}
     uint G1ConcRefinementThreads                  = 10                                        {product} {ergonomic}
   size_t G1HeapRegionSize                         = 1048576                                   {product} {ergonomic}
   size_t InitialHeapSize                          = 268435456                                 {product} {ergonomic}
   size_t MarkStackSize                            = 4194304                                   {product} {ergonomic}
   size_t MaxHeapSize                              = 2147483648                                {product} {command line}
   size_t MaxMetaspaceSize                         = 536870912                                 {product} {command line}
   size_t MaxNewSize                               = 1287651328                                {product} {ergonomic}
   size_t MinHeapDeltaBytes                        = 1048576                                   {product} {ergonomic}
   size_t MinHeapSize                              = 8388608                                   {product} {ergonomic}
    uintx NonNMethodCodeHeapSize                   = 5839372                                {pd product} {ergonomic}
    uintx NonProfiledCodeHeapSize                  = 122909434                              {pd product} {ergonomic}
    uintx ProfiledCodeHeapSize                     = 122909434                              {pd product} {ergonomic}
    uintx ReservedCodeCacheSize                    = 251658240                              {pd product} {ergonomic}
     bool SegmentedCodeCache                       = true                                      {product} {ergonomic}
   size_t SoftMaxHeapSize                          = 2147483648                             {manageable} {ergonomic}
     bool UseCompressedOops                        = true                           {product lp64_product} {ergonomic}
     bool UseG1GC                                  = true                                      {product} {ergonomic}
     bool UseLargePagesIndividualAllocation        = false                                  {pd product} {ergonomic}

Logging:
Log output configuration:
 #0: stdout all=warning uptime,level,tags foldmultilines=false
 #1: stderr all=off uptime,level,tags foldmultilines=false

Environment Variables:
JAVA_HOME=C:\Program Files\Java\jdk-22
PATH=C:\Program Files\Microsoft MPI\Bin\;C:\Program Files\Common Files\Oracle\Java\javapath;C:\Program Files (x86)\Common Files\Oracle\Java\java8path;C:\Program Files (x86)\Common Files\Oracle\Java\javapath;C:\ProgramData\Oracle\Java\javapath;C:\Program Files (x86)\Razer Chroma SDK\bin;C:\Program Files\Razer Chroma SDK\bin;C:\Program Files (x86)\Razer\ChromaBroadcast\bin;C:\Program Files\Razer\ChromaBroadcast\bin;C:\Program Files (x86)\Common Files\Intel\Shared Libraries\redist\intel64\compiler;C:\WINDOWS\system32;C:\WINDOWS;C:\WINDOWS\System32\Wbem;C:\WINDOWS\System32\WindowsPowerShell\v1.0\;C:\WINDOWS\System32\OpenSSH\;C:\WINDOWS\system32\config\systemprofile\AppData\Local\Microsoft\WindowsApps;C:\Program Files\WireGuard\;C:\WINDOWS\system32;C:\WINDOWS;C:\WINDOWS\System32\Wbem;C:\WINDOWS\System32\WindowsPowerShell\v1.0\;C:\WINDOWS\System32\OpenSSH\;C:\Program Files\dotnet\;C:\Program Files (x86)\dotnet\;C:\Program Files (x86)\NVIDIA Corporation\PhysX\Common;C:\Program Files\Microsoft SQL Server\150\Tools\Binn\;C:\Program Files\Microsoft SQL Server\Client SDK\ODBC\170\Tools\Binn\;C:\Program Files\NVIDIA Corporation\NVIDIA App\NvDLISR;C:\Program Files\Java\jdk-22\bin;C:\Program Files (x86)\Microsoft SQL Server\160\Tools\Binn\;C:\Program Files\Microsoft SQL Server\160\Tools\Binn\;C:\Program Files\Microsoft SQL Server\160\DTS\Binn\;E:\Git\cmd;C:\Program Files\Docker\Docker\resources\bin;C:\Program Files\nodejs\;C:\Program Files (x86)\Microsoft SQL Server\160\DTS\Binn\;C:\Users\Xoan\AppData\Local\Microsoft\WindowsApps;C:\Users\Xoan\AppData\Local\Programs\Microsoft VS Code\bin;C:\Users\Xoan\.dotnet\tools;C:\apache-maven-3.9.8\bin;C:\Users\Xoan\AppData\Local\GitHubDesktop\bin;C:\Users\Xoan\AppData\Roaming\npm;C:\Program Files\Docker\Docker\resources\bin;
USERNAME=Xoan
OS=Windows_NT
PROCESSOR_IDENTIFIER=Intel64 Family 6 Model 165 Stepping 3, GenuineIntel
TMP=C:\Users\Xoan\AppData\Local\Temp
TEMP=C:\Users\Xoan\AppData\Local\Temp




Periodic native trim disabled

---------------  S Y S T E M  ---------------

OS:
 Windows 11 , 64 bit Build 26100 (10.0.26100.4768)
OS uptime: 0 days 0:06 hours
Hyper-V role detected

CPU: total 12 (initial active 12) (6 cores per cpu, 2 threads per core) family 6 model 165 stepping 3 microcode 0xe0, cx8, cmov, fxsr, ht, mmx, 3dnowpref, sse, sse2, sse3, ssse3, sse4.1, sse4.2, popcnt, lzcnt, tsc, tscinvbit, avx, avx2, aes, erms, clmul, bmi1, bmi2, adx, fma, vzeroupper, clflush, clflushopt, hv, rdtscp, f16c
Processor Information for all 12 processors :
  Max Mhz: 2901, Current Mhz: 2901, Mhz Limit: 2901

Memory: 4k page, system-wide physical 16308M (3714M free)
TotalPageFile size 20404M (AvailPageFile size 11M)
current process WorkingSet (physical memory assigned to process): 444M, peak: 444M
current process commit charge ("private bytes"): 490M, peak: 505M

vm_info: Java HotSpot(TM) 64-Bit Server VM (22.0.1+8-16) for windows-amd64 JRE (22.0.1+8-16), built on 2024-03-12T10:33:16Z by "mach5one" with MS VC++ 17.6 (VS2022)

END.
