#
# There is insufficient memory for the Java Runtime Environment to continue.
# Native memory allocation (malloc) failed to allocate 842096 bytes. Error detail: Chunk::new
# Possible reasons:
#   The system is out of physical RAM or swap space
#   This process is running with CompressedOops enabled, and the Java Heap may be blocking the growth of the native heap
# Possible solutions:
#   Reduce memory load on the system
#   Increase physical memory or swap space
#   Check if swap backing store is full
#   Decrease Java heap size (-Xmx/-Xms)
#   Decrease number of Java threads
#   Decrease Java thread stack sizes (-Xss)
#   Set larger code cache with -XX:ReservedCodeCacheSize=
#   JVM is running with Unscaled Compressed Oops mode in which the Java heap is
#     placed in the first 4GB address space. The Java Heap base address is the
#     maximum limit for the native heap growth. Please use -XX:HeapBaseMinAddress
#     to set the Java Heap base and to place the Java Heap above 4GB virtual address.
# This output file may be truncated or incomplete.
#
#  Out of Memory Error (arena.cpp:150), pid=18812, tid=18940
#
# JRE version: Java(TM) SE Runtime Environment (22.0.1+8) (build 22.0.1+8-16)
# Java VM: Java HotSpot(TM) 64-Bit Server VM (22.0.1+8-16, mixed mode, sharing, tiered, compressed oops, compressed class ptrs, g1 gc, windows-amd64)
# No core dump will be written. Minidumps are not enabled by default on client versions of Windows
#

---------------  S U M M A R Y ------------

Command Line: --add-opens=java.base/java.lang=ALL-UNNAMED --add-opens=java.base/java.lang.invoke=ALL-UNNAMED --add-opens=java.base/java.util=ALL-UNNAMED --add-opens=java.prefs/java.util.prefs=ALL-UNNAMED --add-exports=jdk.compiler/com.sun.tools.javac.api=ALL-UNNAMED --add-exports=jdk.compiler/com.sun.tools.javac.util=ALL-UNNAMED --add-opens=java.base/java.util=ALL-UNNAMED --add-opens=java.prefs/java.util.prefs=ALL-UNNAMED --add-opens=java.base/java.nio.charset=ALL-UNNAMED --add-opens=java.base/java.net=ALL-UNNAMED --add-opens=java.base/java.util.concurrent.atomic=ALL-UNNAMED --add-opens=java.xml/javax.xml.namespace=ALL-UNNAMED -XX:MaxMetaspaceSize=512m -Xmx2048m -Dfile.encoding=UTF-8 -Duser.country=CR -Duser.language=es -Duser.variant -javaagent:C:\Users\Xoan\.gradle\wrapper\dists\gradle-8.13-bin\5xuhj0ry160q40clulazy9h7d\gradle-8.13\lib\agents\gradle-instrumentation-agent-8.13.jar org.gradle.launcher.daemon.bootstrap.GradleDaemon 8.13

Host: Intel(R) Core(TM) i5-10400F CPU @ 2.90GHz, 12 cores, 15G,  Windows 11 , 64 bit Build 26100 (10.0.26100.4768)
Time: Thu Aug 14 15:43:41 2025 Hora estándar, América Central elapsed time: 92.286962 seconds (0d 0h 1m 32s)

---------------  T H R E A D  ---------------

Current thread (0x0000029e2ef89660):  JavaThread "C2 CompilerThread0" daemon [_thread_in_native, id=18940, stack(0x000000c295200000,0x000000c295300000) (1024K)]


Current CompileTask:
C2:92287 17030       4       java.beans.MethodRef::set (58 bytes)

Stack: [0x000000c295200000,0x000000c295300000]
Native frames: (J=compiled Java code, j=interpreted, Vv=VM code, C=native code)
V  [jvm.dll+0x6e2279]  (no source info available)
V  [jvm.dll+0x874e33]  (no source info available)
V  [jvm.dll+0x87725e]  (no source info available)
V  [jvm.dll+0x877933]  (no source info available)
V  [jvm.dll+0x27fd76]  (no source info available)
V  [jvm.dll+0xc3d0f]  (no source info available)
V  [jvm.dll+0xc3f6b]  (no source info available)
V  [jvm.dll+0x3bb0d2]  (no source info available)
V  [jvm.dll+0x1df67c]  (no source info available)
V  [jvm.dll+0x247a5c]  (no source info available)
V  [jvm.dll+0x246fbf]  (no source info available)
V  [jvm.dll+0x1c4e90]  (no source info available)
V  [jvm.dll+0x2569fe]  (no source info available)
V  [jvm.dll+0x254cba]  (no source info available)
V  [jvm.dll+0x3f5336]  (no source info available)
V  [jvm.dll+0x81d44b]  (no source info available)
V  [jvm.dll+0x6e0915]  (no source info available)
C  [ucrtbase.dll+0x37b0]  (no source info available)
C  [KERNEL32.DLL+0x2e8d7]  (no source info available)
C  [ntdll.dll+0x3c34c]  (no source info available)


---------------  P R O C E S S  ---------------

Threads class SMR info:
_java_thread_list=0x0000029e5c2bfc60, length=213, elements={
0x0000029e10a315c0, 0x0000029e2ef795d0, 0x0000029e2ef7ada0, 0x0000029e2ef80ea0,
0x0000029e2ef81d90, 0x0000029e2ef83360, 0x0000029e2ef84a60, 0x0000029e2ef89660,
0x0000029e2ef8d130, 0x0000029e2f560f90, 0x0000029e2f800540, 0x0000029e505905a0,
0x0000029e507ce940, 0x0000029e50875f40, 0x0000029e508b2bf0, 0x0000029e508ba140,
0x0000029e5092e230, 0x0000029e508fea40, 0x0000029e508fdd20, 0x0000029e508fe3b0,
0x0000029e509011a0, 0x0000029e508ff0d0, 0x0000029e50900480, 0x0000029e508ff760,
0x0000029e50900b10, 0x0000029e51332ec0, 0x0000029e51333be0, 0x0000029e51330df0,
0x0000029e513321a0, 0x0000029e51332830, 0x0000029e51333550, 0x0000029e51330760,
0x0000029e51334270, 0x0000029e51331480, 0x0000029e51335620, 0x0000029e51334f90,
0x0000029e51337060, 0x0000029e51335cb0, 0x0000029e513376f0, 0x0000029e51337d80,
0x0000029e51336340, 0x0000029e513369d0, 0x0000029e51e44210, 0x0000029e51e448a0,
0x0000029e51e41420, 0x0000029e51e42140, 0x0000029e51e43b80, 0x0000029e523c8d00,
0x0000029e523c7fe0, 0x0000029e523c9a20, 0x0000029e523ca0b0, 0x0000029e523c6c30,
0x0000029e523c9390, 0x0000029e523c7950, 0x0000029e523c8670, 0x0000029e51331b10,
0x0000029e50edd5a0, 0x0000029e50eda7b0, 0x0000029e50edb4d0, 0x0000029e50edae40,
0x0000029e50edc880, 0x0000029e50eda120, 0x0000029e50eddc30, 0x0000029e50edcf10,
0x0000029e50ede2c0, 0x0000029e50ede950, 0x0000029e50edefe0, 0x0000029e50edc1f0,
0x0000029e50edbb60, 0x0000029e50edf670, 0x0000029e50edfd00, 0x0000029e50ee0390,
0x0000029e50ee0a20, 0x0000029e50ee10b0, 0x0000029e50ee1740, 0x0000029e53f81f00,
0x0000029e53f83fd0, 0x0000029e53f82590, 0x0000029e53f832b0, 0x0000029e53f82c20,
0x0000029e53f811e0, 0x0000029e53f84cf0, 0x0000029e53f81870, 0x0000029e53f85380,
0x0000029e53f83940, 0x0000029e53f84660, 0x0000029e53f88170, 0x0000029e53f88800,
0x0000029e5131a7d0, 0x0000029e5131ae60, 0x0000029e5131b4f0, 0x0000029e5131bb80,
0x0000029e5131c210, 0x0000029e5131a140, 0x0000029e5131c8a0, 0x0000029e5131cf30,
0x0000029e51319ab0, 0x0000029e5131d5c0, 0x0000029e5131e2e0, 0x0000029e5131dc50,
0x0000029e5131e970, 0x0000029e5131f000, 0x0000029e5131f690, 0x0000029e5131fd20,
0x0000029e53f86730, 0x0000029e545cb080, 0x0000029e545c9640, 0x0000029e545c8920,
0x0000029e545c8290, 0x0000029e545c8fb0, 0x0000029e545ca360, 0x0000029e545c7c00,
0x0000029e545ca9f0, 0x0000029e545cb710, 0x0000029e545cbda0, 0x0000029e545cc430,
0x0000029e545c9cd0, 0x0000029e545cde70, 0x0000029e545cd7e0, 0x0000029e545cd150,
0x0000029e545ccac0, 0x0000029e5415fb60, 0x0000029e5415e120, 0x0000029e5415cd70,
0x0000029e5415e7b0, 0x0000029e5415ee40, 0x0000029e5415f4d0, 0x0000029e545ceb90,
0x0000029e545cf220, 0x0000029e52035e20, 0x0000029e52035790, 0x0000029e520364b0,
0x0000029e52033030, 0x0000029e520336c0, 0x0000029e52039fc0, 0x0000029e55966250,
0x0000029e55964810, 0x0000029e559668e0, 0x0000029e55964ea0, 0x0000029e55963af0,
0x0000029e55966f70, 0x0000029e55965530, 0x0000029e55967600, 0x0000029e55965bc0,
0x0000029e55964180, 0x0000029e5596b110, 0x0000029e55967c90, 0x0000029e55968320,
0x0000029e559689b0, 0x0000029e55969040, 0x0000029e559696d0, 0x0000029e55969d60,
0x0000029e5596a3f0, 0x0000029e5596aa80, 0x0000029e51618710, 0x0000029e516179f0,
0x0000029e51618da0, 0x0000029e5161a7e0, 0x0000029e5161a150, 0x0000029e5161ae70,
0x0000029e51618080, 0x0000029e5161c220, 0x0000029e51619430, 0x0000029e5161e2f0,
0x0000029e5161cf40, 0x0000029e5161b500, 0x0000029e5161e980, 0x0000029e5161f010,
0x0000029e5161bb90, 0x0000029e5161c8b0, 0x0000029e5161d5d0, 0x0000029e5161dc60,
0x0000029e54dba4a0, 0x0000029e54db7d40, 0x0000029e54db7020, 0x0000029e54db83d0,
0x0000029e54db76b0, 0x0000029e54db9780, 0x0000029e54dbab30, 0x0000029e54dbb1c0,
0x0000029e54dbbee0, 0x0000029e54dbb850, 0x0000029e54db8a60, 0x0000029e54dbc570,
0x0000029e54db9e10, 0x0000029e54dbf360, 0x0000029e54dbf9f0, 0x0000029e54dc4220,
0x0000029e54dc4f40, 0x0000029e54dc55d0, 0x0000029e54dc3b90, 0x0000029e54dc62f0,
0x0000029e54dc3500, 0x0000029e54dc5c60, 0x0000029e54dbdfb0, 0x0000029e54dbcc00,
0x0000029e54dbecd0, 0x0000029e54dc2e70, 0x0000029e54dc1ac0, 0x0000029e54dc2150,
0x0000029e54fe8fc0, 0x0000029e54fea370, 0x0000029e54fe82a0, 0x0000029e54fe7580,
0x0000029e54feb090, 0x0000029e54febdb0, 0x0000029e54fec440, 0x0000029e54fe9650,
0x0000029e54feff50, 0x0000029e54fed160, 0x0000029e54fef8c0, 0x0000029e55985720,
0x0000029e50ca42c0
}

Java Threads: ( => current thread )
  0x0000029e10a315c0 JavaThread "main"                              [_thread_blocked, id=10740, stack(0x000000c294400000,0x000000c294500000) (1024K)]
  0x0000029e2ef795d0 JavaThread "Reference Handler"          daemon [_thread_blocked, id=18832, stack(0x000000c294c00000,0x000000c294d00000) (1024K)]
  0x0000029e2ef7ada0 JavaThread "Finalizer"                  daemon [_thread_blocked, id=18880, stack(0x000000c294d00000,0x000000c294e00000) (1024K)]
  0x0000029e2ef80ea0 JavaThread "Signal Dispatcher"          daemon [_thread_blocked, id=18916, stack(0x000000c294e00000,0x000000c294f00000) (1024K)]
  0x0000029e2ef81d90 JavaThread "Attach Listener"            daemon [_thread_blocked, id=16184, stack(0x000000c294f00000,0x000000c295000000) (1024K)]
  0x0000029e2ef83360 JavaThread "Service Thread"             daemon [_thread_blocked, id=18948, stack(0x000000c295000000,0x000000c295100000) (1024K)]
  0x0000029e2ef84a60 JavaThread "Monitor Deflation Thread"   daemon [_thread_blocked, id=18944, stack(0x000000c295100000,0x000000c295200000) (1024K)]
=>0x0000029e2ef89660 JavaThread "C2 CompilerThread0"         daemon [_thread_in_native, id=18940, stack(0x000000c295200000,0x000000c295300000) (1024K)]
  0x0000029e2ef8d130 JavaThread "C1 CompilerThread0"         daemon [_thread_blocked, id=18988, stack(0x000000c295300000,0x000000c295400000) (1024K)]
  0x0000029e2f560f90 JavaThread "Common-Cleaner"             daemon [_thread_blocked, id=18992, stack(0x000000c295400000,0x000000c295500000) (1024K)]
  0x0000029e2f800540 JavaThread "Notification Thread"        daemon [_thread_blocked, id=19004, stack(0x000000c295600000,0x000000c295700000) (1024K)]
  0x0000029e505905a0 JavaThread "Daemon health stats"               [_thread_blocked, id=9740, stack(0x000000c295700000,0x000000c295800000) (1024K)]
  0x0000029e507ce940 JavaThread "Incoming local TCP Connector on port 49878"        [_thread_in_native, id=10184, stack(0x000000c296000000,0x000000c296100000) (1024K)]
  0x0000029e50875f40 JavaThread "Daemon periodic checks"            [_thread_blocked, id=10076, stack(0x000000c296100000,0x000000c296200000) (1024K)]
  0x0000029e508b2bf0 JavaThread "Daemon"                            [_thread_blocked, id=19216, stack(0x000000c296200000,0x000000c296300000) (1024K)]
  0x0000029e508ba140 JavaThread "Handler for socket connection from /127.0.0.1:49878 to /127.0.0.1:49879"        [_thread_in_native, id=11564, stack(0x000000c296300000,0x000000c296400000) (1024K)]
  0x0000029e5092e230 JavaThread "Cancel handler"                    [_thread_blocked, id=4408, stack(0x000000c295500000,0x000000c295600000) (1024K)]
  0x0000029e508fea40 JavaThread "Daemon worker"                     [_thread_blocked, id=2304, stack(0x000000c296400000,0x000000c296500000) (1024K)]
  0x0000029e508fdd20 JavaThread "Asynchronous log dispatcher for DefaultDaemonConnection: socket connection from /127.0.0.1:49878 to /127.0.0.1:49879"        [_thread_blocked, id=2400, stack(0x000000c296500000,0x000000c296600000) (1024K)]
  0x0000029e508fe3b0 JavaThread "Stdin handler"                     [_thread_blocked, id=18352, stack(0x000000c296600000,0x000000c296700000) (1024K)]
  0x0000029e509011a0 JavaThread "Daemon client event forwarder"        [_thread_blocked, id=18520, stack(0x000000c296700000,0x000000c296800000) (1024K)]
  0x0000029e508ff0d0 JavaThread "Cache worker for journal cache (C:\Users\Xoan\.gradle\caches\journal-1)"        [_thread_blocked, id=18532, stack(0x000000c296800000,0x000000c296900000) (1024K)]
  0x0000029e50900480 JavaThread "File lock request listener"        [_thread_in_native, id=5060, stack(0x000000c296900000,0x000000c296a00000) (1024K)]
  0x0000029e508ff760 JavaThread "Cache worker for file hash cache (C:\Users\Xoan\.gradle\caches\8.13\fileHashes)"        [_thread_blocked, id=18660, stack(0x000000c296a00000,0x000000c296b00000) (1024K)]
  0x0000029e50900b10 JavaThread "Cache worker for file hash cache (C:\Users\Xoan\Downloads\ultima\nutriselect-app\nutriselect-app\android\.gradle\8.13\fileHashes)"        [_thread_blocked, id=18620, stack(0x000000c297000000,0x000000c297100000) (1024K)]
  0x0000029e51332ec0 JavaThread "Cache worker for Build Output Cleanup Cache (C:\Users\Xoan\Downloads\ultima\nutriselect-app\nutriselect-app\android\.gradle\buildOutputCleanup)"        [_thread_blocked, id=1664, stack(0x000000c297100000,0x000000c297200000) (1024K)]
  0x0000029e51333be0 JavaThread "File watcher server"        daemon [_thread_in_native, id=18528, stack(0x000000c296c00000,0x000000c296d00000) (1024K)]
  0x0000029e51330df0 JavaThread "File watcher consumer"      daemon [_thread_blocked, id=18500, stack(0x000000c297200000,0x000000c297300000) (1024K)]
  0x0000029e513321a0 JavaThread "jar transforms"                    [_thread_blocked, id=5956, stack(0x000000c297300000,0x000000c297400000) (1024K)]
  0x0000029e51332830 JavaThread "jar transforms Thread 2"           [_thread_blocked, id=11196, stack(0x000000c297400000,0x000000c297500000) (1024K)]
  0x0000029e51333550 JavaThread "jar transforms Thread 3"           [_thread_blocked, id=4588, stack(0x000000c297500000,0x000000c297600000) (1024K)]
  0x0000029e51330760 JavaThread "jar transforms Thread 4"           [_thread_blocked, id=6628, stack(0x000000c297700000,0x000000c297800000) (1024K)]
  0x0000029e51334270 JavaThread "jar transforms Thread 5"           [_thread_blocked, id=14164, stack(0x000000c297800000,0x000000c297900000) (1024K)]
  0x0000029e51331480 JavaThread "Cache worker for checksums cache (C:\Users\Xoan\Downloads\ultima\nutriselect-app\nutriselect-app\android\.gradle\8.13\checksums)"        [_thread_blocked, id=19424, stack(0x000000c297900000,0x000000c297a00000) (1024K)]
  0x0000029e51335620 JavaThread "Cache worker for file content cache (C:\Users\Xoan\.gradle\caches\8.13\fileContent)"        [_thread_blocked, id=18820, stack(0x000000c297a00000,0x000000c297b00000) (1024K)]
  0x0000029e51334f90 JavaThread "jar transforms Thread 6"           [_thread_blocked, id=19124, stack(0x000000c297b00000,0x000000c297c00000) (1024K)]
  0x0000029e51337060 JavaThread "jar transforms Thread 7"           [_thread_blocked, id=19172, stack(0x000000c297c00000,0x000000c297d00000) (1024K)]
  0x0000029e51335cb0 JavaThread "jar transforms Thread 8"           [_thread_blocked, id=19176, stack(0x000000c297d00000,0x000000c297e00000) (1024K)]
  0x0000029e513376f0 JavaThread "jar transforms Thread 9"           [_thread_blocked, id=18960, stack(0x000000c297e00000,0x000000c297f00000) (1024K)]
  0x0000029e51337d80 JavaThread "jar transforms Thread 10"          [_thread_blocked, id=18956, stack(0x000000c297f00000,0x000000c298000000) (1024K)]
  0x0000029e51336340 JavaThread "Exec process"                      [_thread_blocked, id=19256, stack(0x000000c298000000,0x000000c298100000) (1024K)]
  0x0000029e513369d0 JavaThread "Exec process Thread 2"             [_thread_blocked, id=18316, stack(0x000000c298100000,0x000000c298200000) (1024K)]
  0x0000029e51e44210 JavaThread "Exec process Thread 3"             [_thread_blocked, id=5600, stack(0x000000c298200000,0x000000c298300000) (1024K)]
  0x0000029e51e448a0 JavaThread "Cache worker for cache directory md-supplier (C:\Users\Xoan\.gradle\caches\8.13\md-supplier)"        [_thread_blocked, id=15976, stack(0x000000c297600000,0x000000c297700000) (1024K)]
  0x0000029e51e41420 JavaThread "Cache worker for cache directory md-rule (C:\Users\Xoan\.gradle\caches\8.13\md-rule)"        [_thread_blocked, id=18612, stack(0x000000c298300000,0x000000c298400000) (1024K)]
  0x0000029e51e42140 JavaThread "Cache worker for Build Output Cleanup Cache (C:\Users\Xoan\Downloads\ultima\nutriselect-app\nutriselect-app\node_modules\@react-native\gradle-plugin\.gradle\buildOutputCleanup)"        [_thread_blocked, id=18596, stack(0x000000c298400000,0x000000c298500000) (1024K)]
  0x0000029e51e43b80 JavaThread "Unconstrained build operations"        [_thread_blocked, id=11568, stack(0x000000c298500000,0x000000c298600000) (1024K)]
  0x0000029e523c8d00 JavaThread "Unconstrained build operations Thread 2"        [_thread_blocked, id=13096, stack(0x000000c298600000,0x000000c298700000) (1024K)]
  0x0000029e523c7fe0 JavaThread "Unconstrained build operations Thread 3"        [_thread_blocked, id=17948, stack(0x000000c298700000,0x000000c298800000) (1024K)]
  0x0000029e523c9a20 JavaThread "Unconstrained build operations Thread 4"        [_thread_blocked, id=17016, stack(0x000000c298800000,0x000000c298900000) (1024K)]
  0x0000029e523ca0b0 JavaThread "Unconstrained build operations Thread 5"        [_thread_blocked, id=18964, stack(0x000000c298900000,0x000000c298a00000) (1024K)]
  0x0000029e523c6c30 JavaThread "Unconstrained build operations Thread 6"        [_thread_blocked, id=7700, stack(0x000000c298a00000,0x000000c298b00000) (1024K)]
  0x0000029e523c9390 JavaThread "Cache worker for Build Output Cleanup Cache (C:\Users\Xoan\Downloads\ultima\nutriselect-app\nutriselect-app\node_modules\expo-modules-autolinking\android\expo-gradle-plugin\.gradle\buildOutputCleanup)"        [_thread_blocked, id=17420, stack(0x000000c298b00000,0x000000c298c00000) (1024K)]
  0x0000029e523c7950 JavaThread "Unconstrained build operations Thread 7"        [_thread_blocked, id=8532, stack(0x000000c298c00000,0x000000c298d00000) (1024K)]
  0x0000029e523c8670 JavaThread "Unconstrained build operations Thread 8"        [_thread_blocked, id=2760, stack(0x000000c298d00000,0x000000c298e00000) (1024K)]
  0x0000029e51331b10 JavaThread "Unconstrained build operations Thread 9"        [_thread_blocked, id=18036, stack(0x000000c298e00000,0x000000c298f00000) (1024K)]
  0x0000029e50edd5a0 JavaThread "Unconstrained build operations Thread 10"        [_thread_blocked, id=18600, stack(0x000000c298f00000,0x000000c299000000) (1024K)]
  0x0000029e50eda7b0 JavaThread "Unconstrained build operations Thread 11"        [_thread_blocked, id=18608, stack(0x000000c299000000,0x000000c299100000) (1024K)]
  0x0000029e50edb4d0 JavaThread "Unconstrained build operations Thread 12"        [_thread_blocked, id=7988, stack(0x000000c299100000,0x000000c299200000) (1024K)]
  0x0000029e50edae40 JavaThread "Unconstrained build operations Thread 13"        [_thread_blocked, id=19212, stack(0x000000c299200000,0x000000c299300000) (1024K)]
  0x0000029e50edc880 JavaThread "Unconstrained build operations Thread 14"        [_thread_blocked, id=19200, stack(0x000000c299300000,0x000000c299400000) (1024K)]
  0x0000029e50eda120 JavaThread "Unconstrained build operations Thread 15"        [_thread_blocked, id=18584, stack(0x000000c299400000,0x000000c299500000) (1024K)]
  0x0000029e50eddc30 JavaThread "Unconstrained build operations Thread 16"        [_thread_blocked, id=18576, stack(0x000000c299500000,0x000000c299600000) (1024K)]
  0x0000029e50edcf10 JavaThread "Unconstrained build operations Thread 17"        [_thread_blocked, id=18588, stack(0x000000c299600000,0x000000c299700000) (1024K)]
  0x0000029e50ede2c0 JavaThread "Unconstrained build operations Thread 18"        [_thread_blocked, id=19192, stack(0x000000c299700000,0x000000c299800000) (1024K)]
  0x0000029e50ede950 JavaThread "Unconstrained build operations Thread 19"        [_thread_blocked, id=7164, stack(0x000000c299800000,0x000000c299900000) (1024K)]
  0x0000029e50edefe0 JavaThread "Unconstrained build operations Thread 20"        [_thread_blocked, id=11348, stack(0x000000c299900000,0x000000c299a00000) (1024K)]
  0x0000029e50edc1f0 JavaThread "Unconstrained build operations Thread 21"        [_thread_blocked, id=18716, stack(0x000000c299a00000,0x000000c299b00000) (1024K)]
  0x0000029e50edbb60 JavaThread "Unconstrained build operations Thread 22"        [_thread_blocked, id=19188, stack(0x000000c299b00000,0x000000c299c00000) (1024K)]
  0x0000029e50edf670 JavaThread "Unconstrained build operations Thread 23"        [_thread_blocked, id=17952, stack(0x000000c299c00000,0x000000c299d00000) (1024K)]
  0x0000029e50edfd00 JavaThread "Unconstrained build operations Thread 24"        [_thread_blocked, id=14648, stack(0x000000c299d00000,0x000000c299e00000) (1024K)]
  0x0000029e50ee0390 JavaThread "Unconstrained build operations Thread 25"        [_thread_blocked, id=14612, stack(0x000000c299e00000,0x000000c299f00000) (1024K)]
  0x0000029e50ee0a20 JavaThread "Unconstrained build operations Thread 26"        [_thread_blocked, id=18536, stack(0x000000c299f00000,0x000000c29a000000) (1024K)]
  0x0000029e50ee10b0 JavaThread "Unconstrained build operations Thread 27"        [_thread_blocked, id=16544, stack(0x000000c29a000000,0x000000c29a100000) (1024K)]
  0x0000029e50ee1740 JavaThread "Unconstrained build operations Thread 28"        [_thread_blocked, id=17876, stack(0x000000c29a100000,0x000000c29a200000) (1024K)]
  0x0000029e53f81f00 JavaThread "Unconstrained build operations Thread 29"        [_thread_blocked, id=18604, stack(0x000000c29a200000,0x000000c29a300000) (1024K)]
  0x0000029e53f83fd0 JavaThread "Unconstrained build operations Thread 30"        [_thread_blocked, id=4212, stack(0x000000c29a300000,0x000000c29a400000) (1024K)]
  0x0000029e53f82590 JavaThread "Unconstrained build operations Thread 31"        [_thread_blocked, id=4320, stack(0x000000c29a400000,0x000000c29a500000) (1024K)]
  0x0000029e53f832b0 JavaThread "Unconstrained build operations Thread 32"        [_thread_blocked, id=4336, stack(0x000000c29a500000,0x000000c29a600000) (1024K)]
  0x0000029e53f82c20 JavaThread "Unconstrained build operations Thread 33"        [_thread_blocked, id=7068, stack(0x000000c29a600000,0x000000c29a700000) (1024K)]
  0x0000029e53f811e0 JavaThread "Unconstrained build operations Thread 34"        [_thread_blocked, id=7476, stack(0x000000c29a700000,0x000000c29a800000) (1024K)]
  0x0000029e53f84cf0 JavaThread "Unconstrained build operations Thread 35"        [_thread_blocked, id=13992, stack(0x000000c29a800000,0x000000c29a900000) (1024K)]
  0x0000029e53f81870 JavaThread "Unconstrained build operations Thread 36"        [_thread_blocked, id=19184, stack(0x000000c29a900000,0x000000c29aa00000) (1024K)]
  0x0000029e53f85380 JavaThread "Unconstrained build operations Thread 37"        [_thread_blocked, id=4456, stack(0x000000c29aa00000,0x000000c29ab00000) (1024K)]
  0x0000029e53f83940 JavaThread "Unconstrained build operations Thread 38"        [_thread_blocked, id=11400, stack(0x000000c29ab00000,0x000000c29ac00000) (1024K)]
  0x0000029e53f84660 JavaThread "Unconstrained build operations Thread 39"        [_thread_blocked, id=5544, stack(0x000000c29ac00000,0x000000c29ad00000) (1024K)]
  0x0000029e53f88170 JavaThread "build event listener"              [_thread_blocked, id=19524, stack(0x000000c29ae00000,0x000000c29af00000) (1024K)]
  0x0000029e53f88800 JavaThread "Memory manager"                    [_thread_blocked, id=20260, stack(0x000000c296b00000,0x000000c296c00000) (1024K)]
  0x0000029e5131a7d0 JavaThread "Unconstrained build operations Thread 40"        [_thread_blocked, id=19504, stack(0x000000c29b000000,0x000000c29b100000) (1024K)]
  0x0000029e5131ae60 JavaThread "Unconstrained build operations Thread 41"        [_thread_blocked, id=18928, stack(0x000000c29b100000,0x000000c29b200000) (1024K)]
  0x0000029e5131b4f0 JavaThread "Unconstrained build operations Thread 42"        [_thread_blocked, id=19880, stack(0x000000c29b200000,0x000000c29b300000) (1024K)]
  0x0000029e5131bb80 JavaThread "Unconstrained build operations Thread 43"        [_thread_blocked, id=12924, stack(0x000000c29b300000,0x000000c29b400000) (1024K)]
  0x0000029e5131c210 JavaThread "Unconstrained build operations Thread 44"        [_thread_blocked, id=1568, stack(0x000000c29b400000,0x000000c29b500000) (1024K)]
  0x0000029e5131a140 JavaThread "Unconstrained build operations Thread 45"        [_thread_blocked, id=1476, stack(0x000000c29b500000,0x000000c29b600000) (1024K)]
  0x0000029e5131c8a0 JavaThread "Unconstrained build operations Thread 46"        [_thread_blocked, id=1640, stack(0x000000c29b600000,0x000000c29b700000) (1024K)]
  0x0000029e5131cf30 JavaThread "Unconstrained build operations Thread 47"        [_thread_blocked, id=20080, stack(0x000000c29b700000,0x000000c29b800000) (1024K)]
  0x0000029e51319ab0 JavaThread "Unconstrained build operations Thread 48"        [_thread_blocked, id=20076, stack(0x000000c29b800000,0x000000c29b900000) (1024K)]
  0x0000029e5131d5c0 JavaThread "Unconstrained build operations Thread 49"        [_thread_blocked, id=20072, stack(0x000000c29b900000,0x000000c29ba00000) (1024K)]
  0x0000029e5131e2e0 JavaThread "Unconstrained build operations Thread 50"        [_thread_blocked, id=4508, stack(0x000000c29ba00000,0x000000c29bb00000) (1024K)]
  0x0000029e5131dc50 JavaThread "Unconstrained build operations Thread 51"        [_thread_blocked, id=1540, stack(0x000000c29bb00000,0x000000c29bc00000) (1024K)]
  0x0000029e5131e970 JavaThread "Unconstrained build operations Thread 52"        [_thread_blocked, id=4496, stack(0x000000c29bc00000,0x000000c29bd00000) (1024K)]
  0x0000029e5131f000 JavaThread "Unconstrained build operations Thread 53"        [_thread_blocked, id=8832, stack(0x000000c29bd00000,0x000000c29be00000) (1024K)]
  0x0000029e5131f690 JavaThread "Unconstrained build operations Thread 54"        [_thread_blocked, id=3664, stack(0x000000c29be00000,0x000000c29bf00000) (1024K)]
  0x0000029e5131fd20 JavaThread "Unconstrained build operations Thread 55"        [_thread_blocked, id=1900, stack(0x000000c29bf00000,0x000000c29c000000) (1024K)]
  0x0000029e53f86730 JavaThread "Unconstrained build operations Thread 56"        [_thread_blocked, id=9596, stack(0x000000c29c000000,0x000000c29c100000) (1024K)]
  0x0000029e545cb080 JavaThread "Unconstrained build operations Thread 57"        [_thread_blocked, id=9576, stack(0x000000c29c100000,0x000000c29c200000) (1024K)]
  0x0000029e545c9640 JavaThread "Unconstrained build operations Thread 58"        [_thread_blocked, id=9568, stack(0x000000c29c200000,0x000000c29c300000) (1024K)]
  0x0000029e545c8920 JavaThread "Unconstrained build operations Thread 59"        [_thread_blocked, id=10300, stack(0x000000c29c300000,0x000000c29c400000) (1024K)]
  0x0000029e545c8290 JavaThread "Unconstrained build operations Thread 60"        [_thread_blocked, id=10348, stack(0x000000c29c400000,0x000000c29c500000) (1024K)]
  0x0000029e545c8fb0 JavaThread "Unconstrained build operations Thread 61"        [_thread_blocked, id=10416, stack(0x000000c29c500000,0x000000c29c600000) (1024K)]
  0x0000029e545ca360 JavaThread "Unconstrained build operations Thread 62"        [_thread_blocked, id=10280, stack(0x000000c29c600000,0x000000c29c700000) (1024K)]
  0x0000029e545c7c00 JavaThread "Unconstrained build operations Thread 63"        [_thread_blocked, id=10312, stack(0x000000c29c700000,0x000000c29c800000) (1024K)]
  0x0000029e545ca9f0 JavaThread "Unconstrained build operations Thread 64"        [_thread_blocked, id=10392, stack(0x000000c29c800000,0x000000c29c900000) (1024K)]
  0x0000029e545cb710 JavaThread "Unconstrained build operations Thread 65"        [_thread_blocked, id=10400, stack(0x000000c29c900000,0x000000c29ca00000) (1024K)]
  0x0000029e545cbda0 JavaThread "Unconstrained build operations Thread 66"        [_thread_blocked, id=10276, stack(0x000000c29ca00000,0x000000c29cb00000) (1024K)]
  0x0000029e545cc430 JavaThread "Unconstrained build operations Thread 67"        [_thread_blocked, id=10308, stack(0x000000c29cb00000,0x000000c29cc00000) (1024K)]
  0x0000029e545c9cd0 JavaThread "Unconstrained build operations Thread 68"        [_thread_blocked, id=12920, stack(0x000000c29cc00000,0x000000c29cd00000) (1024K)]
  0x0000029e545cde70 JavaThread "Unconstrained build operations Thread 69"        [_thread_blocked, id=10320, stack(0x000000c29cd00000,0x000000c29ce00000) (1024K)]
  0x0000029e545cd7e0 JavaThread "Unconstrained build operations Thread 70"        [_thread_blocked, id=10288, stack(0x000000c29ce00000,0x000000c29cf00000) (1024K)]
  0x0000029e545cd150 JavaThread "Unconstrained build operations Thread 71"        [_thread_blocked, id=10296, stack(0x000000c29cf00000,0x000000c29d000000) (1024K)]
  0x0000029e545ccac0 JavaThread "Unconstrained build operations Thread 72"        [_thread_blocked, id=10336, stack(0x000000c29d000000,0x000000c29d100000) (1024K)]
  0x0000029e5415fb60 JavaThread "build event listener"              [_thread_blocked, id=18736, stack(0x000000c29d100000,0x000000c29d200000) (1024K)]
  0x0000029e5415e120 JavaThread "Unconstrained build operations Thread 73"        [_thread_blocked, id=20344, stack(0x000000c29d200000,0x000000c29d300000) (1024K)]
  0x0000029e5415cd70 JavaThread "Unconstrained build operations Thread 74"        [_thread_blocked, id=20336, stack(0x000000c29d300000,0x000000c29d400000) (1024K)]
  0x0000029e5415e7b0 JavaThread "Unconstrained build operations Thread 75"        [_thread_blocked, id=20340, stack(0x000000c29d400000,0x000000c29d500000) (1024K)]
  0x0000029e5415ee40 JavaThread "Unconstrained build operations Thread 76"        [_thread_blocked, id=20348, stack(0x000000c29d500000,0x000000c29d600000) (1024K)]
  0x0000029e5415f4d0 JavaThread "Unconstrained build operations Thread 77"        [_thread_blocked, id=20352, stack(0x000000c29d600000,0x000000c29d700000) (1024K)]
  0x0000029e545ceb90 JavaThread "Unconstrained build operations Thread 78"        [_thread_blocked, id=20356, stack(0x000000c29d700000,0x000000c29d800000) (1024K)]
  0x0000029e545cf220 JavaThread "Unconstrained build operations Thread 79"        [_thread_blocked, id=20408, stack(0x000000c29d800000,0x000000c29d900000) (1024K)]
  0x0000029e52035e20 JavaThread "Unconstrained build operations Thread 80"        [_thread_blocked, id=20424, stack(0x000000c29d900000,0x000000c29da00000) (1024K)]
  0x0000029e52035790 JavaThread "Unconstrained build operations Thread 81"        [_thread_blocked, id=20104, stack(0x000000c29da00000,0x000000c29db00000) (1024K)]
  0x0000029e520364b0 JavaThread "Unconstrained build operations Thread 82"        [_thread_blocked, id=20100, stack(0x000000c29db00000,0x000000c29dc00000) (1024K)]
  0x0000029e52033030 JavaThread "Unconstrained build operations Thread 83"        [_thread_blocked, id=20092, stack(0x000000c29dc00000,0x000000c29dd00000) (1024K)]
  0x0000029e520336c0 JavaThread "Unconstrained build operations Thread 84"        [_thread_blocked, id=20088, stack(0x000000c29dd00000,0x000000c29de00000) (1024K)]
  0x0000029e52039fc0 JavaThread "included builds"                   [_thread_blocked, id=20280, stack(0x000000c29e900000,0x000000c29ea00000) (1024K)]
  0x0000029e55966250 JavaThread "included builds Thread 2"          [_thread_blocked, id=5892, stack(0x000000c29ea00000,0x000000c29eb00000) (1024K)]
  0x0000029e55964810 JavaThread "Execution worker"                  [_thread_blocked, id=5532, stack(0x000000c29eb00000,0x000000c29ec00000) (1024K)]
  0x0000029e559668e0 JavaThread "Execution worker Thread 2"         [_thread_blocked, id=6220, stack(0x000000c29ec00000,0x000000c29ed00000) (1024K)]
  0x0000029e55964ea0 JavaThread "Execution worker Thread 3"         [_thread_blocked, id=5244, stack(0x000000c29ed00000,0x000000c29ee00000) (1024K)]
  0x0000029e55963af0 JavaThread "Execution worker Thread 4"         [_thread_blocked, id=9608, stack(0x000000c29ee00000,0x000000c29ef00000) (1024K)]
  0x0000029e55966f70 JavaThread "Execution worker Thread 5"         [_thread_blocked, id=6236, stack(0x000000c29ef00000,0x000000c29f000000) (1024K)]
  0x0000029e55965530 JavaThread "Execution worker Thread 6"         [_thread_blocked, id=5248, stack(0x000000c29f000000,0x000000c29f100000) (1024K)]
  0x0000029e55967600 JavaThread "Execution worker Thread 7"         [_thread_blocked, id=10380, stack(0x000000c29f100000,0x000000c29f200000) (1024K)]
  0x0000029e55965bc0 JavaThread "Execution worker Thread 8"         [_thread_blocked, id=2200, stack(0x000000c29f200000,0x000000c29f300000) (1024K)]
  0x0000029e55964180 JavaThread "Execution worker Thread 9"         [_thread_blocked, id=832, stack(0x000000c29f300000,0x000000c29f400000) (1024K)]
  0x0000029e5596b110 JavaThread "Execution worker Thread 10"        [_thread_blocked, id=4568, stack(0x000000c29f400000,0x000000c29f500000) (1024K)]
  0x0000029e55967c90 JavaThread "Execution worker Thread 11"        [_thread_blocked, id=11812, stack(0x000000c29f500000,0x000000c29f600000) (1024K)]
  0x0000029e55968320 JavaThread "Cache worker for execution history cache (C:\Users\Xoan\Downloads\ultima\nutriselect-app\nutriselect-app\node_modules\expo-modules-autolinking\android\expo-gradle-plugin\.gradle\8.13\executionHistory)"        [_thread_blocked, id=5824, stack(0x000000c29f600000,0x000000c29f700000) (1024K)]
  0x0000029e559689b0 JavaThread "Cache worker for execution history cache (C:\Users\Xoan\Downloads\ultima\nutriselect-app\nutriselect-app\node_modules\@react-native\gradle-plugin\.gradle\8.13\executionHistory)"        [_thread_blocked, id=2444, stack(0x000000c29f700000,0x000000c29f800000) (1024K)]
  0x0000029e55969040 JavaThread "Unconstrained build operations Thread 85"        [_thread_blocked, id=20096, stack(0x000000c29f800000,0x000000c29f900000) (1024K)]
  0x0000029e559696d0 JavaThread "Unconstrained build operations Thread 86"        [_thread_blocked, id=8888, stack(0x000000c29f900000,0x000000c29fa00000) (1024K)]
  0x0000029e55969d60 JavaThread "Unconstrained build operations Thread 87"        [_thread_blocked, id=8912, stack(0x000000c29fa00000,0x000000c29fb00000) (1024K)]
  0x0000029e5596a3f0 JavaThread "Unconstrained build operations Thread 88"        [_thread_blocked, id=19136, stack(0x000000c29fb00000,0x000000c29fc00000) (1024K)]
  0x0000029e5596aa80 JavaThread "Unconstrained build operations Thread 89"        [_thread_blocked, id=19132, stack(0x000000c29fc00000,0x000000c29fd00000) (1024K)]
  0x0000029e51618710 JavaThread "Unconstrained build operations Thread 90"        [_thread_blocked, id=19144, stack(0x000000c29fd00000,0x000000c29fe00000) (1024K)]
  0x0000029e516179f0 JavaThread "Unconstrained build operations Thread 91"        [_thread_blocked, id=8864, stack(0x000000c29fe00000,0x000000c29ff00000) (1024K)]
  0x0000029e51618da0 JavaThread "Unconstrained build operations Thread 92"        [_thread_blocked, id=16172, stack(0x000000c29ff00000,0x000000c2a0000000) (1024K)]
  0x0000029e5161a7e0 JavaThread "Unconstrained build operations Thread 93"        [_thread_blocked, id=8828, stack(0x000000c2a0000000,0x000000c2a0100000) (1024K)]
  0x0000029e5161a150 JavaThread "Unconstrained build operations Thread 94"        [_thread_blocked, id=3268, stack(0x000000c29e800000,0x000000c29e900000) (1024K)]
  0x0000029e5161ae70 JavaThread "Unconstrained build operations Thread 95"        [_thread_blocked, id=3868, stack(0x000000c2a0100000,0x000000c2a0200000) (1024K)]
  0x0000029e51618080 JavaThread "Unconstrained build operations Thread 96"        [_thread_blocked, id=13936, stack(0x000000c2a0200000,0x000000c2a0300000) (1024K)]
  0x0000029e5161c220 JavaThread "Unconstrained build operations Thread 97"        [_thread_blocked, id=10316, stack(0x000000c2a0300000,0x000000c2a0400000) (1024K)]
  0x0000029e51619430 JavaThread "Unconstrained build operations Thread 98"        [_thread_blocked, id=10360, stack(0x000000c2a0400000,0x000000c2a0500000) (1024K)]
  0x0000029e5161e2f0 JavaThread "Unconstrained build operations Thread 99"        [_thread_blocked, id=10304, stack(0x000000c2a0500000,0x000000c2a0600000) (1024K)]
  0x0000029e5161cf40 JavaThread "Unconstrained build operations Thread 100"        [_thread_blocked, id=10356, stack(0x000000c2a0600000,0x000000c2a0700000) (1024K)]
  0x0000029e5161b500 JavaThread "Unconstrained build operations Thread 101"        [_thread_blocked, id=1788, stack(0x000000c2a0700000,0x000000c2a0800000) (1024K)]
  0x0000029e5161e980 JavaThread "Unconstrained build operations Thread 102"        [_thread_blocked, id=10364, stack(0x000000c2a0800000,0x000000c2a0900000) (1024K)]
  0x0000029e5161f010 JavaThread "Unconstrained build operations Thread 103"        [_thread_blocked, id=10368, stack(0x000000c2a0900000,0x000000c2a0a00000) (1024K)]
  0x0000029e5161bb90 JavaThread "Unconstrained build operations Thread 104"        [_thread_blocked, id=10332, stack(0x000000c2a0a00000,0x000000c2a0b00000) (1024K)]
  0x0000029e5161c8b0 JavaThread "Unconstrained build operations Thread 105"        [_thread_blocked, id=10324, stack(0x000000c2a0b00000,0x000000c2a0c00000) (1024K)]
  0x0000029e5161d5d0 JavaThread "Unconstrained build operations Thread 106"        [_thread_blocked, id=10376, stack(0x000000c2a0c00000,0x000000c2a0d00000) (1024K)]
  0x0000029e5161dc60 JavaThread "Unconstrained build operations Thread 107"        [_thread_blocked, id=10292, stack(0x000000c2a0d00000,0x000000c2a0e00000) (1024K)]
  0x0000029e54dba4a0 JavaThread "Unconstrained build operations Thread 108"        [_thread_blocked, id=9940, stack(0x000000c2a0e00000,0x000000c2a0f00000) (1024K)]
  0x0000029e54db7d40 JavaThread "Unconstrained build operations Thread 109"        [_thread_blocked, id=9932, stack(0x000000c2a0f00000,0x000000c2a1000000) (1024K)]
  0x0000029e54db7020 JavaThread "Unconstrained build operations Thread 110"        [_thread_blocked, id=10372, stack(0x000000c2a1000000,0x000000c2a1100000) (1024K)]
  0x0000029e54db83d0 JavaThread "Unconstrained build operations Thread 111"        [_thread_blocked, id=13948, stack(0x000000c2a1100000,0x000000c2a1200000) (1024K)]
  0x0000029e54db76b0 JavaThread "Unconstrained build operations Thread 112"        [_thread_blocked, id=17740, stack(0x000000c2a1200000,0x000000c2a1300000) (1024K)]
  0x0000029e54db9780 JavaThread "Unconstrained build operations Thread 113"        [_thread_blocked, id=9936, stack(0x000000c2a1300000,0x000000c2a1400000) (1024K)]
  0x0000029e54dbab30 JavaThread "Unconstrained build operations Thread 114"        [_thread_blocked, id=9016, stack(0x000000c2a1400000,0x000000c2a1500000) (1024K)]
  0x0000029e54dbb1c0 JavaThread "Unconstrained build operations Thread 115"        [_thread_blocked, id=10640, stack(0x000000c2a1600000,0x000000c2a1700000) (1024K)]
  0x0000029e54dbbee0 JavaThread "Unconstrained build operations Thread 116"        [_thread_blocked, id=10644, stack(0x000000c2a1700000,0x000000c2a1800000) (1024K)]
  0x0000029e54dbb850 JavaThread "Unconstrained build operations Thread 117"        [_thread_blocked, id=9884, stack(0x000000c2a1800000,0x000000c2a1900000) (1024K)]
  0x0000029e54db8a60 JavaThread "Unconstrained build operations Thread 118"        [_thread_blocked, id=10024, stack(0x000000c2a1900000,0x000000c2a1a00000) (1024K)]
  0x0000029e54dbc570 JavaThread "Unconstrained build operations Thread 119"        [_thread_blocked, id=10172, stack(0x000000c2a1a00000,0x000000c2a1b00000) (1024K)]
  0x0000029e54db9e10 JavaThread "Unconstrained build operations Thread 120"        [_thread_blocked, id=10168, stack(0x000000c2a1b00000,0x000000c2a1c00000) (1024K)]
  0x0000029e54dbf360 JavaThread "WorkerExecutor Queue"              [_thread_blocked, id=10948, stack(0x000000c2a1500000,0x000000c2a1600000) (1024K)]
  0x0000029e54dbf9f0 JavaThread "WorkerExecutor Queue Thread 2"        [_thread_blocked, id=11736, stack(0x000000c2a1c00000,0x000000c2a1d00000) (1024K)]
  0x0000029e54dc4220 JavaThread "RMI Scheduler(0)"           daemon [_thread_blocked, id=20668, stack(0x000000c29e500000,0x000000c29e600000) (1024K)]
  0x0000029e54dc4f40 JavaThread "RMI GC Daemon"              daemon [_thread_blocked, id=20676, stack(0x000000c2a1e00000,0x000000c2a1f00000) (1024K)]
  0x0000029e54dc55d0 JavaThread "RMI TCP Accept-0"           daemon [_thread_in_native, id=20696, stack(0x000000c2a2000000,0x000000c2a2100000) (1024K)]
  0x0000029e54dc3b90 JavaThread "RMI Reaper"                        [_thread_blocked, id=20700, stack(0x000000c2a2100000,0x000000c2a2200000) (1024K)]
  0x0000029e54dc62f0 JavaThread "RMI TCP Accept-0"           daemon [_thread_in_native, id=20704, stack(0x000000c2a2200000,0x000000c2a2300000) (1024K)]
  0x0000029e54dc3500 JavaThread "RMI TCP Connection(idle)"   daemon [_thread_blocked, id=20728, stack(0x000000c2a2300000,0x000000c2a2400000) (1024K)]
  0x0000029e54dc5c60 JavaThread "RMI TCP Connection(idle)"   daemon [_thread_blocked, id=20736, stack(0x000000c2a2400000,0x000000c2a2500000) (1024K)]
  0x0000029e54dbdfb0 JavaThread "WorkerExecutor Queue Thread 3"        [_thread_blocked, id=14148, stack(0x000000c2a1f00000,0x000000c2a2000000) (1024K)]
  0x0000029e54dbcc00 JavaThread "RMI TCP Connection(10)-127.0.0.1" daemon [_thread_in_native, id=13152, stack(0x000000c2a2600000,0x000000c2a2700000) (1024K)]
  0x0000029e54dbecd0 JavaThread "WorkerExecutor Queue Thread 4"        [_thread_blocked, id=21576, stack(0x000000c2a1d00000,0x000000c2a1e00000) (1024K)]
  0x0000029e54dc2e70 JavaThread "RMI TCP Connection(idle)"   daemon [_thread_blocked, id=21592, stack(0x000000c2a2700000,0x000000c2a2800000) (1024K)]
  0x0000029e54dc1ac0 JavaThread "jar transforms Thread 11"          [_thread_blocked, id=22896, stack(0x000000c2a2800000,0x000000c2a2900000) (1024K)]
  0x0000029e54dc2150 JavaThread "Cache worker for Build Output Cleanup Cache (C:\Users\Xoan\Downloads\ultima\nutriselect-app\nutriselect-app\node_modules\expo-modules-core\expo-module-gradle-plugin\.gradle\buildOutputCleanup)"        [_thread_blocked, id=2008, stack(0x000000c294100000,0x000000c294200000) (1024K)]
  0x0000029e54fe8fc0 JavaThread "jar transforms Thread 12"          [_thread_blocked, id=22832, stack(0x000000c29af00000,0x000000c29b000000) (1024K)]
  0x0000029e54fea370 JavaThread "included builds Thread 3"          [_thread_blocked, id=22884, stack(0x000000c294300000,0x000000c294400000) (1024K)]
  0x0000029e54fe82a0 JavaThread "Cache worker for execution history cache (C:\Users\Xoan\Downloads\ultima\nutriselect-app\nutriselect-app\node_modules\expo-modules-core\expo-module-gradle-plugin\.gradle\8.13\executionHistory)"        [_thread_blocked, id=22888, stack(0x000000c29de00000,0x000000c29df00000) (1024K)]
  0x0000029e54fe7580 JavaThread "WorkerExecutor Queue Thread 5"        [_thread_blocked, id=22892, stack(0x000000c29e100000,0x000000c29e200000) (1024K)]
  0x0000029e54feb090 JavaThread "RMI TCP Connection(7)-127.0.0.1" daemon [_thread_in_native, id=22860, stack(0x000000c2a2900000,0x000000c2a2a00000) (1024K)]
  0x0000029e54febdb0 JavaThread "WorkerExecutor Queue Thread 6"        [_thread_blocked, id=22824, stack(0x000000c2a2a00000,0x000000c2a2b00000) (1024K)]
  0x0000029e54fec440 JavaThread "RMI TCP Connection(8)-127.0.0.1" daemon [_thread_in_native, id=14928, stack(0x000000c2a2c00000,0x000000c2a2d00000) (1024K)]
  0x0000029e54fe9650 JavaThread "WorkerExecutor Queue Thread 7"        [_thread_blocked, id=23120, stack(0x000000c29e200000,0x000000c29e300000) (1024K)]
  0x0000029e54feff50 JavaThread "RMI TCP Connection(12)-127.0.0.1" daemon [_thread_in_native, id=23252, stack(0x000000c2a2e00000,0x000000c2a2f00000) (1024K)]
  0x0000029e54fed160 JavaThread "Problems report writer"            [_thread_blocked, id=23972, stack(0x000000c294200000,0x000000c294300000) (1024K)]
  0x0000029e54fef8c0 JavaThread "build event listener"              [_thread_blocked, id=25016, stack(0x000000c29e300000,0x000000c29e400000) (1024K)]
  0x0000029e55985720 JavaThread "C2 CompilerThread1"         daemon [_thread_blocked, id=25380, stack(0x000000c29ad00000,0x000000c29ae00000) (1024K)]
  0x0000029e50ca42c0 JavaThread "C2 CompilerThread2"         daemon [_thread_blocked, id=8596, stack(0x000000c29e400000,0x000000c29e500000) (1024K)]
Total: 213

Other Threads:
  0x0000029e2ef5bf40 VMThread "VM Thread"                           [id=17252, stack(0x000000c294b00000,0x000000c294c00000) (1024K)]
  0x0000029e2f560090 WatcherThread "VM Periodic Task Thread"        [id=7948, stack(0x000000c294a00000,0x000000c294b00000) (1024K)]
  0x0000029e10a8a450 WorkerThread "GC Thread#0"                     [id=18648, stack(0x000000c294500000,0x000000c294600000) (1024K)]
  0x0000029e4f5a5d00 WorkerThread "GC Thread#1"                     [id=18984, stack(0x000000c295800000,0x000000c295900000) (1024K)]
  0x0000029e4f54cc10 WorkerThread "GC Thread#2"                     [id=18980, stack(0x000000c295900000,0x000000c295a00000) (1024K)]
  0x0000029e4f54cfc0 WorkerThread "GC Thread#3"                     [id=18976, stack(0x000000c295a00000,0x000000c295b00000) (1024K)]
  0x0000029e4f36a590 WorkerThread "GC Thread#4"                     [id=18972, stack(0x000000c295b00000,0x000000c295c00000) (1024K)]
  0x0000029e4f5bec30 WorkerThread "GC Thread#5"                     [id=18968, stack(0x000000c295c00000,0x000000c295d00000) (1024K)]
  0x0000029e5081ddc0 WorkerThread "GC Thread#6"                     [id=9744, stack(0x000000c295d00000,0x000000c295e00000) (1024K)]
  0x0000029e507ffd90 WorkerThread "GC Thread#7"                     [id=9996, stack(0x000000c295e00000,0x000000c295f00000) (1024K)]
  0x0000029e50800140 WorkerThread "GC Thread#8"                     [id=10080, stack(0x000000c295f00000,0x000000c296000000) (1024K)]
  0x0000029e5308fe50 WorkerThread "GC Thread#9"                     [id=18772, stack(0x000000c296d00000,0x000000c296e00000) (1024K)]
  0x0000029e10a9c270 ConcurrentGCThread "G1 Main Marker"            [id=7312, stack(0x000000c294600000,0x000000c294700000) (1024K)]
  0x0000029e10a9dc40 WorkerThread "G1 Conc#0"                       [id=14240, stack(0x000000c294700000,0x000000c294800000) (1024K)]
  0x0000029e53091470 WorkerThread "G1 Conc#1"                       [id=18776, stack(0x000000c296e00000,0x000000c296f00000) (1024K)]
  0x0000029e53091820 WorkerThread "G1 Conc#2"                       [id=18624, stack(0x000000c296f00000,0x000000c297000000) (1024K)]
  0x0000029e2ee925c0 ConcurrentGCThread "G1 Refine#0"               [id=14204, stack(0x000000c294800000,0x000000c294900000) (1024K)]
  0x0000029e2ee93e00 ConcurrentGCThread "G1 Service"                [id=17228, stack(0x000000c294900000,0x000000c294a00000) (1024K)]
Total: 18

Threads with active compile tasks:
C2 CompilerThread0  92394 17030       4       java.beans.MethodRef::set (58 bytes)
C2 CompilerThread1  92394 17062       4       groovy.lang.MetaClassImpl::addMetaMethodToIndex (65 bytes)
C2 CompilerThread2  92394 17047       4       java.lang.reflect.Method::specificToGenericStringHeader (48 bytes)
Total: 3

VM state: at safepoint (normal execution)

VM Mutex/Monitor currently owned by a thread:  ([mutex/lock_event])
[0x00007ff88f9bbbb8] Threads_lock - owner thread: 0x0000029e2ef5bf40
[0x00007ff88f9bbcb8] Heap_lock - owner thread: 0x0000029e10a9c270

Heap address: 0x0000000080000000, size: 2048 MB, Compressed Oops mode: 32-bit

CDS archive(s) mapped at: [0x0000029e30000000-0x0000029e30c60000-0x0000029e30c60000), size 12976128, SharedBaseAddress: 0x0000029e30000000, ArchiveRelocationMode: 1.
Compressed class space mapped at: 0x0000029e31000000-0x0000029e4b000000, reserved size: 436207616
Narrow klass base: 0x0000029e30000000, Narrow klass shift: 0, Narrow klass range: 0x1b000000

GC Precious Log:
 CardTable entry size: 512
 Card Set container configuration: InlinePtr #cards 5 size 8 Array Of Cards #cards 12 size 40 Howl #buckets 4 coarsen threshold 1843 Howl Bitmap #cards 512 size 80 coarsen threshold 460 Card regions per heap region 1 cards per card region 2048
 CPUs: 12 total, 12 available
 Memory: 16308M
 Large Page Support: Disabled
 NUMA Support: Disabled
 Compressed Oops: Enabled (32-bit)
 Heap Region Size: 1M
 Heap Min Capacity: 8M
 Heap Initial Capacity: 256M
 Heap Max Capacity: 2G
 Pre-touch: Disabled
 Parallel Workers: 10
 Concurrent Workers: 3
 Concurrent Refinement Workers: 10
 Periodic GC: Disabled

Heap:
 garbage-first heap   total reserved 2097152K, committed 229376K, used 150366K [0x0000000080000000, 0x0000000100000000)
  region size 1024K, 8 young (8192K), 6 survivors (6144K)
 Metaspace       used 115161K, committed 117888K, reserved 557056K
  class space    used 16013K, committed 17280K, reserved 425984K

Heap Regions: E=young(eden), S=young(survivor), O=old, HS=humongous(starts), HC=humongous(continues), CS=collection set, F=free, TAMS=top-at-mark-start, PB=parsable bottom
|   0|0x0000000080000000, 0x0000000080100000, 0x0000000080100000|100%| O|  |TAMS 0x0000000080100000| PB 0x0000000080100000| Updating |  0
|   1|0x0000000080100000, 0x0000000080200000, 0x0000000080200000|100%|HS|  |TAMS 0x0000000080200000| PB 0x0000000080100000| Complete |  0
|   2|0x0000000080200000, 0x0000000080300000, 0x0000000080300000|100%|HC|  |TAMS 0x0000000080300000| PB 0x0000000080200000| Complete |  0
|   3|0x0000000080300000, 0x0000000080400000, 0x0000000080400000|100%|HC|  |TAMS 0x0000000080400000| PB 0x0000000080300000| Complete |  0
|   4|0x0000000080400000, 0x0000000080500000, 0x0000000080500000|100%| O|  |TAMS 0x0000000080500000| PB 0x0000000080500000| Untracked |  0
|   5|0x0000000080500000, 0x0000000080600000, 0x0000000080600000|100%| O|  |TAMS 0x0000000080600000| PB 0x0000000080600000| Untracked |  0
|   6|0x0000000080600000, 0x0000000080700000, 0x0000000080700000|100%| O|  |TAMS 0x0000000080700000| PB 0x0000000080700000| Untracked |  0
|   7|0x0000000080700000, 0x0000000080800000, 0x0000000080800000|100%|HS|  |TAMS 0x0000000080800000| PB 0x0000000080700000| Complete |  0
|   8|0x0000000080800000, 0x0000000080900000, 0x0000000080900000|100%| O|  |TAMS 0x0000000080900000| PB 0x0000000080900000| Untracked |  0
|   9|0x0000000080900000, 0x0000000080a00000, 0x0000000080a00000|100%| O|  |TAMS 0x0000000080a00000| PB 0x0000000080a00000| Untracked |  0
|  10|0x0000000080a00000, 0x0000000080b00000, 0x0000000080b00000|100%| O|  |TAMS 0x0000000080b00000| PB 0x0000000080b00000| Untracked |  0
|  11|0x0000000080b00000, 0x0000000080c00000, 0x0000000080c00000|100%| O|  |TAMS 0x0000000080c00000| PB 0x0000000080c00000| Untracked |  0
|  12|0x0000000080c00000, 0x0000000080d00000, 0x0000000080d00000|100%| O|  |TAMS 0x0000000080d00000| PB 0x0000000080d00000| Untracked |  0
|  13|0x0000000080d00000, 0x0000000080e00000, 0x0000000080e00000|100%| O|  |TAMS 0x0000000080e00000| PB 0x0000000080e00000| Untracked |  0
|  14|0x0000000080e00000, 0x0000000080f00000, 0x0000000080f00000|100%| O|  |TAMS 0x0000000080f00000| PB 0x0000000080f00000| Untracked |  0
|  15|0x0000000080f00000, 0x0000000081000000, 0x0000000081000000|100%| O|  |TAMS 0x0000000081000000| PB 0x0000000081000000| Untracked |  0
|  16|0x0000000081000000, 0x0000000081100000, 0x0000000081100000|100%| O|  |TAMS 0x0000000081100000| PB 0x0000000081100000| Untracked |  0
|  17|0x0000000081100000, 0x0000000081200000, 0x0000000081200000|100%| O|  |TAMS 0x0000000081200000| PB 0x0000000081200000| Untracked |  0
|  18|0x0000000081200000, 0x0000000081300000, 0x0000000081300000|100%| O|  |TAMS 0x0000000081300000| PB 0x0000000081300000| Untracked |  0
|  19|0x0000000081300000, 0x0000000081400000, 0x0000000081400000|100%| O|  |TAMS 0x0000000081400000| PB 0x0000000081400000| Untracked |  0
|  20|0x0000000081400000, 0x0000000081500000, 0x0000000081500000|100%| O|  |TAMS 0x0000000081500000| PB 0x0000000081500000| Untracked |  0
|  21|0x0000000081500000, 0x0000000081600000, 0x0000000081600000|100%| O|  |TAMS 0x0000000081600000| PB 0x0000000081600000| Untracked |  0
|  22|0x0000000081600000, 0x0000000081700000, 0x0000000081700000|100%| O|  |TAMS 0x0000000081700000| PB 0x0000000081700000| Untracked |  0
|  23|0x0000000081700000, 0x0000000081800000, 0x0000000081800000|100%| O|  |TAMS 0x0000000081800000| PB 0x0000000081800000| Untracked |  0
|  24|0x0000000081800000, 0x0000000081900000, 0x0000000081900000|100%| O|  |TAMS 0x0000000081900000| PB 0x0000000081900000| Untracked |  0
|  25|0x0000000081900000, 0x0000000081a00000, 0x0000000081a00000|100%| O|  |TAMS 0x0000000081a00000| PB 0x0000000081a00000| Untracked |  0
|  26|0x0000000081a00000, 0x0000000081b00000, 0x0000000081b00000|100%| O|  |TAMS 0x0000000081b00000| PB 0x0000000081b00000| Untracked |  0
|  27|0x0000000081b00000, 0x0000000081c00000, 0x0000000081c00000|100%| O|  |TAMS 0x0000000081c00000| PB 0x0000000081c00000| Untracked |  0
|  28|0x0000000081c00000, 0x0000000081d00000, 0x0000000081d00000|100%| O|  |TAMS 0x0000000081d00000| PB 0x0000000081d00000| Updating |  0
|  29|0x0000000081d00000, 0x0000000081e00000, 0x0000000081e00000|100%| O|  |TAMS 0x0000000081e00000| PB 0x0000000081e00000| Untracked |  0
|  30|0x0000000081e00000, 0x0000000081f00000, 0x0000000081f00000|100%| O|  |TAMS 0x0000000081f00000| PB 0x0000000081f00000| Untracked |  0
|  31|0x0000000081f00000, 0x0000000082000000, 0x0000000082000000|100%| O|  |TAMS 0x0000000082000000| PB 0x0000000082000000| Untracked |  0
|  32|0x0000000082000000, 0x0000000082100000, 0x0000000082100000|100%| O|  |TAMS 0x0000000082100000| PB 0x0000000082100000| Untracked |  0
|  33|0x0000000082100000, 0x0000000082200000, 0x0000000082200000|100%| O|  |TAMS 0x0000000082200000| PB 0x0000000082200000| Untracked |  0
|  34|0x0000000082200000, 0x0000000082300000, 0x0000000082300000|100%| O|  |TAMS 0x0000000082300000| PB 0x0000000082300000| Untracked |  0
|  35|0x0000000082300000, 0x0000000082400000, 0x0000000082400000|100%| O|  |TAMS 0x0000000082400000| PB 0x0000000082400000| Updating |  0
|  36|0x0000000082400000, 0x0000000082500000, 0x0000000082500000|100%| O|  |TAMS 0x0000000082500000| PB 0x0000000082500000| Untracked |  0
|  37|0x0000000082500000, 0x0000000082600000, 0x0000000082600000|100%| O|  |TAMS 0x0000000082600000| PB 0x0000000082600000| Updating |  0
|  38|0x0000000082600000, 0x0000000082700000, 0x0000000082700000|100%|HS|  |TAMS 0x0000000082700000| PB 0x0000000082600000| Complete |  0
|  39|0x0000000082700000, 0x0000000082800000, 0x0000000082800000|100%|HC|  |TAMS 0x0000000082800000| PB 0x0000000082700000| Complete |  0
|  40|0x0000000082800000, 0x0000000082900000, 0x0000000082900000|100%|HS|  |TAMS 0x0000000082900000| PB 0x0000000082800000| Complete |  0
|  41|0x0000000082900000, 0x0000000082a00000, 0x0000000082a00000|100%|HC|  |TAMS 0x0000000082a00000| PB 0x0000000082900000| Complete |  0
|  42|0x0000000082a00000, 0x0000000082b00000, 0x0000000082b00000|100%|HC|  |TAMS 0x0000000082b00000| PB 0x0000000082a00000| Complete |  0
|  43|0x0000000082b00000, 0x0000000082c00000, 0x0000000082c00000|100%|HS|  |TAMS 0x0000000082c00000| PB 0x0000000082b00000| Complete |  0
|  44|0x0000000082c00000, 0x0000000082d00000, 0x0000000082d00000|100%|HC|  |TAMS 0x0000000082d00000| PB 0x0000000082c00000| Complete |  0
|  45|0x0000000082d00000, 0x0000000082e00000, 0x0000000082e00000|100%|HS|  |TAMS 0x0000000082e00000| PB 0x0000000082d00000| Complete |  0
|  46|0x0000000082e00000, 0x0000000082f00000, 0x0000000082f00000|100%|HC|  |TAMS 0x0000000082f00000| PB 0x0000000082e00000| Complete |  0
|  47|0x0000000082f00000, 0x0000000083000000, 0x0000000083000000|100%|HC|  |TAMS 0x0000000083000000| PB 0x0000000082f00000| Complete |  0
|  48|0x0000000083000000, 0x0000000083100000, 0x0000000083100000|100%| O|  |TAMS 0x0000000083100000| PB 0x0000000083100000| Untracked |  0
|  49|0x0000000083100000, 0x0000000083200000, 0x0000000083200000|100%| O|  |TAMS 0x0000000083200000| PB 0x0000000083200000| Untracked |  0
|  50|0x0000000083200000, 0x0000000083300000, 0x0000000083300000|100%| O|  |TAMS 0x0000000083300000| PB 0x0000000083300000| Untracked |  0
|  51|0x0000000083300000, 0x0000000083400000, 0x0000000083400000|100%| O|  |TAMS 0x0000000083400000| PB 0x0000000083400000| Untracked |  0
|  52|0x0000000083400000, 0x0000000083500000, 0x0000000083500000|100%| O|  |TAMS 0x0000000083500000| PB 0x0000000083500000| Untracked |  0
|  53|0x0000000083500000, 0x0000000083600000, 0x0000000083600000|100%| O|  |TAMS 0x0000000083600000| PB 0x0000000083600000| Untracked |  0
|  54|0x0000000083600000, 0x0000000083700000, 0x0000000083700000|100%| O|  |TAMS 0x0000000083700000| PB 0x0000000083700000| Untracked |  0
|  55|0x0000000083700000, 0x0000000083800000, 0x0000000083800000|100%| O|  |TAMS 0x0000000083800000| PB 0x0000000083800000| Untracked |  0
|  56|0x0000000083800000, 0x0000000083900000, 0x0000000083900000|100%| O|  |TAMS 0x0000000083900000| PB 0x0000000083900000| Updating |  0
|  57|0x0000000083900000, 0x0000000083a00000, 0x0000000083a00000|100%| O|  |TAMS 0x0000000083a00000| PB 0x0000000083a00000| Untracked |  0
|  58|0x0000000083a00000, 0x0000000083b00000, 0x0000000083b00000|100%| O|  |TAMS 0x0000000083b00000| PB 0x0000000083b00000| Untracked |  0
|  59|0x0000000083b00000, 0x0000000083c00000, 0x0000000083c00000|100%| O|  |TAMS 0x0000000083c00000| PB 0x0000000083c00000| Updating |  0
|  60|0x0000000083c00000, 0x0000000083d00000, 0x0000000083d00000|100%|HS|  |TAMS 0x0000000083d00000| PB 0x0000000083c00000| Complete |  0
|  61|0x0000000083d00000, 0x0000000083e00000, 0x0000000083e00000|100%|HC|  |TAMS 0x0000000083e00000| PB 0x0000000083d00000| Complete |  0
|  62|0x0000000083e00000, 0x0000000083f00000, 0x0000000083f00000|100%|HS|  |TAMS 0x0000000083f00000| PB 0x0000000083e00000| Complete |  0
|  63|0x0000000083f00000, 0x0000000084000000, 0x0000000084000000|100%|HC|  |TAMS 0x0000000084000000| PB 0x0000000083f00000| Complete |  0
|  64|0x0000000084000000, 0x0000000084100000, 0x0000000084100000|100%| O|  |TAMS 0x0000000084100000| PB 0x0000000084100000| Untracked |  0
|  65|0x0000000084100000, 0x0000000084200000, 0x0000000084200000|100%| O|  |TAMS 0x0000000084200000| PB 0x0000000084200000| Updating |  0
|  66|0x0000000084200000, 0x0000000084300000, 0x0000000084300000|100%|HS|  |TAMS 0x0000000084300000| PB 0x0000000084200000| Complete |  0
|  67|0x0000000084300000, 0x0000000084400000, 0x0000000084400000|100%|HC|  |TAMS 0x0000000084400000| PB 0x0000000084300000| Complete |  0
|  68|0x0000000084400000, 0x0000000084500000, 0x0000000084500000|100%|HC|  |TAMS 0x0000000084500000| PB 0x0000000084400000| Complete |  0
|  69|0x0000000084500000, 0x0000000084600000, 0x0000000084600000|100%|HC|  |TAMS 0x0000000084600000| PB 0x0000000084500000| Complete |  0
|  70|0x0000000084600000, 0x0000000084700000, 0x0000000084700000|100%|HS|  |TAMS 0x0000000084700000| PB 0x0000000084600000| Complete |  0
|  71|0x0000000084700000, 0x0000000084800000, 0x0000000084800000|100%|HC|  |TAMS 0x0000000084800000| PB 0x0000000084700000| Complete |  0
|  72|0x0000000084800000, 0x0000000084900000, 0x0000000084900000|100%|HC|  |TAMS 0x0000000084900000| PB 0x0000000084800000| Complete |  0
|  73|0x0000000084900000, 0x0000000084a00000, 0x0000000084a00000|100%|HC|  |TAMS 0x0000000084a00000| PB 0x0000000084900000| Complete |  0
|  74|0x0000000084a00000, 0x0000000084b00000, 0x0000000084b00000|100%| O|  |TAMS 0x0000000084b00000| PB 0x0000000084b00000| Untracked |  0
|  75|0x0000000084b00000, 0x0000000084c00000, 0x0000000084c00000|100%| O|  |TAMS 0x0000000084c00000| PB 0x0000000084c00000| Untracked |  0
|  76|0x0000000084c00000, 0x0000000084d00000, 0x0000000084d00000|100%| O|  |TAMS 0x0000000084d00000| PB 0x0000000084d00000| Untracked |  0
|  77|0x0000000084d00000, 0x0000000084e00000, 0x0000000084e00000|100%| O|  |TAMS 0x0000000084e00000| PB 0x0000000084e00000| Untracked |  0
|  78|0x0000000084e00000, 0x0000000084f00000, 0x0000000084f00000|100%| O|  |TAMS 0x0000000084f00000| PB 0x0000000084f00000| Untracked |  0
|  79|0x0000000084f00000, 0x0000000085000000, 0x0000000085000000|100%| O|  |TAMS 0x0000000085000000| PB 0x0000000085000000| Untracked |  0
|  80|0x0000000085000000, 0x0000000085100000, 0x0000000085100000|100%| O|  |TAMS 0x0000000085100000| PB 0x0000000085100000| Untracked |  0
|  81|0x0000000085100000, 0x0000000085100000, 0x0000000085200000|  0%| F|  |TAMS 0x0000000085100000| PB 0x0000000085100000| Untracked |  0
|  82|0x0000000085200000, 0x0000000085300000, 0x0000000085300000|100%| O|  |TAMS 0x0000000085300000| PB 0x0000000085300000| Untracked |  0
|  83|0x0000000085300000, 0x0000000085400000, 0x0000000085400000|100%| O|  |TAMS 0x0000000085400000| PB 0x0000000085400000| Updating |  0
|  84|0x0000000085400000, 0x0000000085500000, 0x0000000085500000|100%| O|  |TAMS 0x0000000085500000| PB 0x0000000085500000| Untracked |  0
|  85|0x0000000085500000, 0x0000000085600000, 0x0000000085600000|100%| O|  |TAMS 0x0000000085600000| PB 0x0000000085600000| Updating |  0
|  86|0x0000000085600000, 0x0000000085700000, 0x0000000085700000|100%| O|  |TAMS 0x0000000085700000| PB 0x0000000085700000| Untracked |  0
|  87|0x0000000085700000, 0x0000000085800000, 0x0000000085800000|100%| O|  |TAMS 0x0000000085800000| PB 0x0000000085800000| Untracked |  0
|  88|0x0000000085800000, 0x0000000085900000, 0x0000000085900000|100%| O|  |TAMS 0x0000000085900000| PB 0x0000000085900000| Untracked |  0
|  89|0x0000000085900000, 0x0000000085a00000, 0x0000000085a00000|100%| O|  |TAMS 0x0000000085a00000| PB 0x0000000085a00000| Untracked |  0
|  90|0x0000000085a00000, 0x0000000085b00000, 0x0000000085b00000|100%| O|  |TAMS 0x0000000085b00000| PB 0x0000000085b00000| Untracked |  0
|  91|0x0000000085b00000, 0x0000000085c00000, 0x0000000085c00000|100%| O|  |TAMS 0x0000000085c00000| PB 0x0000000085c00000| Untracked |  0
|  92|0x0000000085c00000, 0x0000000085d00000, 0x0000000085d00000|100%| O|  |TAMS 0x0000000085d00000| PB 0x0000000085d00000| Untracked |  0
|  93|0x0000000085d00000, 0x0000000085e00000, 0x0000000085e00000|100%| O|  |TAMS 0x0000000085e00000| PB 0x0000000085e00000| Untracked |  0
|  94|0x0000000085e00000, 0x0000000085f00000, 0x0000000085f00000|100%| O|  |TAMS 0x0000000085f00000| PB 0x0000000085f00000| Untracked |  0
|  95|0x0000000085f00000, 0x0000000086000000, 0x0000000086000000|100%| O|  |TAMS 0x0000000086000000| PB 0x0000000086000000| Updating |  0
|  96|0x0000000086000000, 0x0000000086100000, 0x0000000086100000|100%| O|  |TAMS 0x0000000086100000| PB 0x0000000086100000| Untracked |  0
|  97|0x0000000086100000, 0x0000000086200000, 0x0000000086200000|100%| O|  |TAMS 0x0000000086200000| PB 0x0000000086200000| Untracked |  0
|  98|0x0000000086200000, 0x0000000086300000, 0x0000000086300000|100%| O|  |TAMS 0x0000000086300000| PB 0x0000000086300000| Untracked |  0
|  99|0x0000000086300000, 0x0000000086300000, 0x0000000086400000|  0%| F|  |TAMS 0x0000000086300000| PB 0x0000000086300000| Untracked |  0
| 100|0x0000000086400000, 0x0000000086500000, 0x0000000086500000|100%| O|  |TAMS 0x0000000086500000| PB 0x0000000086500000| Untracked |  0
| 101|0x0000000086500000, 0x0000000086600000, 0x0000000086600000|100%| O|  |TAMS 0x0000000086600000| PB 0x0000000086600000| Untracked |  0
| 102|0x0000000086600000, 0x0000000086700000, 0x0000000086700000|100%| O|  |TAMS 0x0000000086700000| PB 0x0000000086700000| Updating |  0
| 103|0x0000000086700000, 0x0000000086800000, 0x0000000086800000|100%| O|  |TAMS 0x0000000086800000| PB 0x0000000086800000| Untracked |  0
| 104|0x0000000086800000, 0x0000000086900000, 0x0000000086900000|100%| O|  |TAMS 0x0000000086900000| PB 0x0000000086900000| Updating |  0
| 105|0x0000000086900000, 0x0000000086a00000, 0x0000000086a00000|100%| O|  |TAMS 0x0000000086a00000| PB 0x0000000086a00000| Untracked |  0
| 106|0x0000000086a00000, 0x0000000086b00000, 0x0000000086b00000|100%| O|  |TAMS 0x0000000086b00000| PB 0x0000000086b00000| Untracked |  0
| 107|0x0000000086b00000, 0x0000000086c00000, 0x0000000086c00000|100%| O|  |TAMS 0x0000000086c00000| PB 0x0000000086c00000| Updating |  0
| 108|0x0000000086c00000, 0x0000000086d00000, 0x0000000086d00000|100%|HS|  |TAMS 0x0000000086d00000| PB 0x0000000086c00000| Complete |  0
| 109|0x0000000086d00000, 0x0000000086e00000, 0x0000000086e00000|100%|HS|  |TAMS 0x0000000086e00000| PB 0x0000000086d00000| Complete |  0
| 110|0x0000000086e00000, 0x0000000086f00000, 0x0000000086f00000|100%|HS|  |TAMS 0x0000000086f00000| PB 0x0000000086e00000| Complete |  0
| 111|0x0000000086f00000, 0x0000000087000000, 0x0000000087000000|100%|HS|  |TAMS 0x0000000087000000| PB 0x0000000086f00000| Complete |  0
| 112|0x0000000087000000, 0x0000000087100000, 0x0000000087100000|100%| O|  |TAMS 0x0000000087100000| PB 0x0000000087100000| Untracked |  0
| 113|0x0000000087100000, 0x0000000087200000, 0x0000000087200000|100%|HS|  |TAMS 0x0000000087200000| PB 0x0000000087100000| Complete |  0
| 114|0x0000000087200000, 0x0000000087300000, 0x0000000087300000|100%|HS|  |TAMS 0x0000000087300000| PB 0x0000000087200000| Complete |  0
| 115|0x0000000087300000, 0x0000000087400000, 0x0000000087400000|100%| O|  |TAMS 0x0000000087400000| PB 0x0000000087400000| Untracked |  0
| 116|0x0000000087400000, 0x0000000087500000, 0x0000000087500000|100%|HS|  |TAMS 0x0000000087500000| PB 0x0000000087400000| Complete |  0
| 117|0x0000000087500000, 0x0000000087600000, 0x0000000087600000|100%|HC|  |TAMS 0x0000000087600000| PB 0x0000000087500000| Complete |  0
| 118|0x0000000087600000, 0x0000000087700000, 0x0000000087700000|100%| O|  |TAMS 0x0000000087700000| PB 0x0000000087700000| Untracked |  0
| 119|0x0000000087700000, 0x0000000087800000, 0x0000000087800000|100%| O|  |TAMS 0x0000000087800000| PB 0x0000000087800000| Untracked |  0
| 120|0x0000000087800000, 0x0000000087900000, 0x0000000087900000|100%|HS|  |TAMS 0x0000000087900000| PB 0x0000000087800000| Complete |  0
| 121|0x0000000087900000, 0x0000000087a00000, 0x0000000087a00000|100%| O|  |TAMS 0x0000000087a00000| PB 0x0000000087a00000| Untracked |  0
| 122|0x0000000087a00000, 0x0000000087b00000, 0x0000000087b00000|100%| O|  |TAMS 0x0000000087b00000| PB 0x0000000087b00000| Untracked |  0
| 123|0x0000000087b00000, 0x0000000087c00000, 0x0000000087c00000|100%| O|  |TAMS 0x0000000087c00000| PB 0x0000000087c00000| Untracked |  0
| 124|0x0000000087c00000, 0x0000000087d00000, 0x0000000087d00000|100%| O|  |TAMS 0x0000000087d00000| PB 0x0000000087d00000| Untracked |  0
| 125|0x0000000087d00000, 0x0000000087e00000, 0x0000000087e00000|100%| O|  |TAMS 0x0000000087e00000| PB 0x0000000087e00000| Untracked |  0
| 126|0x0000000087e00000, 0x0000000087f00000, 0x0000000087f00000|100%| O|  |TAMS 0x0000000087f00000| PB 0x0000000087f00000| Untracked |  0
| 127|0x0000000087f00000, 0x0000000088000000, 0x0000000088000000|100%| O|  |TAMS 0x0000000088000000| PB 0x0000000088000000| Updating |  0
| 128|0x0000000088000000, 0x0000000088100000, 0x0000000088100000|100%| O|  |TAMS 0x0000000088100000| PB 0x0000000088100000| Updating |  0
| 129|0x0000000088100000, 0x0000000088200000, 0x0000000088200000|100%| O|  |TAMS 0x0000000088200000| PB 0x0000000088200000| Untracked |  0
| 130|0x0000000088200000, 0x0000000088300000, 0x0000000088300000|100%| O|  |TAMS 0x0000000088300000| PB 0x0000000088300000| Untracked |  0
| 131|0x0000000088300000, 0x0000000088400000, 0x0000000088400000|100%| O|  |TAMS 0x0000000088400000| PB 0x0000000088400000| Untracked |  0
| 132|0x0000000088400000, 0x00000000884e7a40, 0x0000000088500000| 90%| O|  |TAMS 0x00000000884e7a40| PB 0x00000000884e7a40| Updating |  0
| 133|0x0000000088500000, 0x0000000088500000, 0x0000000088600000|  0%| F|  |TAMS 0x0000000088500000| PB 0x0000000088500000| Untracked |  0
| 134|0x0000000088600000, 0x0000000088600000, 0x0000000088700000|  0%| F|  |TAMS 0x0000000088600000| PB 0x0000000088600000| Untracked |  0
| 135|0x0000000088700000, 0x0000000088700000, 0x0000000088800000|  0%| F|  |TAMS 0x0000000088700000| PB 0x0000000088700000| Untracked |  0
| 136|0x0000000088800000, 0x0000000088800000, 0x0000000088900000|  0%| F|  |TAMS 0x0000000088800000| PB 0x0000000088800000| Untracked |  0
| 137|0x0000000088900000, 0x0000000088900000, 0x0000000088a00000|  0%| F|  |TAMS 0x0000000088900000| PB 0x0000000088900000| Untracked |  0
| 138|0x0000000088a00000, 0x0000000088a00000, 0x0000000088b00000|  0%| F|  |TAMS 0x0000000088a00000| PB 0x0000000088a00000| Untracked |  0
| 139|0x0000000088b00000, 0x0000000088b00000, 0x0000000088c00000|  0%| F|  |TAMS 0x0000000088b00000| PB 0x0000000088b00000| Untracked |  0
| 140|0x0000000088c00000, 0x0000000088c00000, 0x0000000088d00000|  0%| F|  |TAMS 0x0000000088c00000| PB 0x0000000088c00000| Untracked |  0
| 141|0x0000000088d00000, 0x0000000088d00000, 0x0000000088e00000|  0%| F|  |TAMS 0x0000000088d00000| PB 0x0000000088d00000| Untracked |  0
| 142|0x0000000088e00000, 0x0000000088e00000, 0x0000000088f00000|  0%| F|  |TAMS 0x0000000088e00000| PB 0x0000000088e00000| Untracked |  0
| 143|0x0000000088f00000, 0x0000000088feff10, 0x0000000089000000| 93%| S|CS|TAMS 0x0000000088f00000| PB 0x0000000088f00000| Complete |  0
| 144|0x0000000089000000, 0x0000000089100000, 0x0000000089100000|100%| S|CS|TAMS 0x0000000089000000| PB 0x0000000089000000| Complete |  0
| 145|0x0000000089100000, 0x0000000089200000, 0x0000000089200000|100%| S|CS|TAMS 0x0000000089100000| PB 0x0000000089100000| Complete |  0
| 146|0x0000000089200000, 0x0000000089300000, 0x0000000089300000|100%| S|CS|TAMS 0x0000000089200000| PB 0x0000000089200000| Complete |  0
| 147|0x0000000089300000, 0x0000000089400000, 0x0000000089400000|100%| S|CS|TAMS 0x0000000089300000| PB 0x0000000089300000| Complete |  0
| 148|0x0000000089400000, 0x0000000089500000, 0x0000000089500000|100%| S|CS|TAMS 0x0000000089400000| PB 0x0000000089400000| Complete |  0
| 149|0x0000000089500000, 0x0000000089500000, 0x0000000089600000|  0%| F|  |TAMS 0x0000000089500000| PB 0x0000000089500000| Untracked |  0
| 150|0x0000000089600000, 0x0000000089600000, 0x0000000089700000|  0%| F|  |TAMS 0x0000000089600000| PB 0x0000000089600000| Untracked |  0
| 151|0x0000000089700000, 0x0000000089700000, 0x0000000089800000|  0%| F|  |TAMS 0x0000000089700000| PB 0x0000000089700000| Untracked |  0
| 152|0x0000000089800000, 0x0000000089800000, 0x0000000089900000|  0%| F|  |TAMS 0x0000000089800000| PB 0x0000000089800000| Untracked |  0
| 153|0x0000000089900000, 0x0000000089900000, 0x0000000089a00000|  0%| F|  |TAMS 0x0000000089900000| PB 0x0000000089900000| Untracked |  0
| 154|0x0000000089a00000, 0x0000000089a00000, 0x0000000089b00000|  0%| F|  |TAMS 0x0000000089a00000| PB 0x0000000089a00000| Untracked |  0
| 155|0x0000000089b00000, 0x0000000089b00000, 0x0000000089c00000|  0%| F|  |TAMS 0x0000000089b00000| PB 0x0000000089b00000| Untracked |  0
| 156|0x0000000089c00000, 0x0000000089c00000, 0x0000000089d00000|  0%| F|  |TAMS 0x0000000089c00000| PB 0x0000000089c00000| Untracked |  0
| 157|0x0000000089d00000, 0x0000000089d00000, 0x0000000089e00000|  0%| F|  |TAMS 0x0000000089d00000| PB 0x0000000089d00000| Untracked |  0
| 158|0x0000000089e00000, 0x0000000089e00000, 0x0000000089f00000|  0%| F|  |TAMS 0x0000000089e00000| PB 0x0000000089e00000| Untracked |  0
| 159|0x0000000089f00000, 0x0000000089f00000, 0x000000008a000000|  0%| F|  |TAMS 0x0000000089f00000| PB 0x0000000089f00000| Untracked |  0
| 160|0x000000008a000000, 0x000000008a000000, 0x000000008a100000|  0%| F|  |TAMS 0x000000008a000000| PB 0x000000008a000000| Untracked |  0
| 161|0x000000008a100000, 0x000000008a100000, 0x000000008a200000|  0%| F|  |TAMS 0x000000008a100000| PB 0x000000008a100000| Untracked |  0
| 162|0x000000008a200000, 0x000000008a200000, 0x000000008a300000|  0%| F|  |TAMS 0x000000008a200000| PB 0x000000008a200000| Untracked |  0
| 163|0x000000008a300000, 0x000000008a300000, 0x000000008a400000|  0%| F|  |TAMS 0x000000008a300000| PB 0x000000008a300000| Untracked |  0
| 164|0x000000008a400000, 0x000000008a400000, 0x000000008a500000|  0%| F|  |TAMS 0x000000008a400000| PB 0x000000008a400000| Untracked |  0
| 165|0x000000008a500000, 0x000000008a500000, 0x000000008a600000|  0%| F|  |TAMS 0x000000008a500000| PB 0x000000008a500000| Untracked |  0
| 166|0x000000008a600000, 0x000000008a600000, 0x000000008a700000|  0%| F|  |TAMS 0x000000008a600000| PB 0x000000008a600000| Untracked |  0
| 167|0x000000008a700000, 0x000000008a700000, 0x000000008a800000|  0%| F|  |TAMS 0x000000008a700000| PB 0x000000008a700000| Untracked |  0
| 168|0x000000008a800000, 0x000000008a800000, 0x000000008a900000|  0%| F|  |TAMS 0x000000008a800000| PB 0x000000008a800000| Untracked |  0
| 169|0x000000008a900000, 0x000000008a900000, 0x000000008aa00000|  0%| F|  |TAMS 0x000000008a900000| PB 0x000000008a900000| Untracked |  0
| 170|0x000000008aa00000, 0x000000008aa00000, 0x000000008ab00000|  0%| F|  |TAMS 0x000000008aa00000| PB 0x000000008aa00000| Untracked |  0
| 171|0x000000008ab00000, 0x000000008ab00000, 0x000000008ac00000|  0%| F|  |TAMS 0x000000008ab00000| PB 0x000000008ab00000| Untracked |  0
| 172|0x000000008ac00000, 0x000000008ac00000, 0x000000008ad00000|  0%| F|  |TAMS 0x000000008ac00000| PB 0x000000008ac00000| Untracked |  0
| 173|0x000000008ad00000, 0x000000008ad00000, 0x000000008ae00000|  0%| F|  |TAMS 0x000000008ad00000| PB 0x000000008ad00000| Untracked |  0
| 174|0x000000008ae00000, 0x000000008ae00000, 0x000000008af00000|  0%| F|  |TAMS 0x000000008ae00000| PB 0x000000008ae00000| Untracked |  0
| 175|0x000000008af00000, 0x000000008af00000, 0x000000008b000000|  0%| F|  |TAMS 0x000000008af00000| PB 0x000000008af00000| Untracked |  0
| 176|0x000000008b000000, 0x000000008b000000, 0x000000008b100000|  0%| F|  |TAMS 0x000000008b000000| PB 0x000000008b000000| Untracked |  0
| 177|0x000000008b100000, 0x000000008b100000, 0x000000008b200000|  0%| F|  |TAMS 0x000000008b100000| PB 0x000000008b100000| Untracked |  0
| 178|0x000000008b200000, 0x000000008b200000, 0x000000008b300000|  0%| F|  |TAMS 0x000000008b200000| PB 0x000000008b200000| Untracked |  0
| 179|0x000000008b300000, 0x000000008b300000, 0x000000008b400000|  0%| F|  |TAMS 0x000000008b300000| PB 0x000000008b300000| Untracked |  0
| 180|0x000000008b400000, 0x000000008b400000, 0x000000008b500000|  0%| F|  |TAMS 0x000000008b400000| PB 0x000000008b400000| Untracked |  0
| 181|0x000000008b500000, 0x000000008b500000, 0x000000008b600000|  0%| F|  |TAMS 0x000000008b500000| PB 0x000000008b500000| Untracked |  0
| 182|0x000000008b600000, 0x000000008b600000, 0x000000008b700000|  0%| F|  |TAMS 0x000000008b600000| PB 0x000000008b600000| Untracked |  0
| 183|0x000000008b700000, 0x000000008b700000, 0x000000008b800000|  0%| F|  |TAMS 0x000000008b700000| PB 0x000000008b700000| Untracked |  0
| 184|0x000000008b800000, 0x000000008b800000, 0x000000008b900000|  0%| F|  |TAMS 0x000000008b800000| PB 0x000000008b800000| Untracked |  0
| 185|0x000000008b900000, 0x000000008b900000, 0x000000008ba00000|  0%| F|  |TAMS 0x000000008b900000| PB 0x000000008b900000| Untracked |  0
| 186|0x000000008ba00000, 0x000000008ba00000, 0x000000008bb00000|  0%| F|  |TAMS 0x000000008ba00000| PB 0x000000008ba00000| Untracked |  0
| 187|0x000000008bb00000, 0x000000008bb00000, 0x000000008bc00000|  0%| F|  |TAMS 0x000000008bb00000| PB 0x000000008bb00000| Untracked |  0
| 188|0x000000008bc00000, 0x000000008bc00000, 0x000000008bd00000|  0%| F|  |TAMS 0x000000008bc00000| PB 0x000000008bc00000| Untracked |  0
| 189|0x000000008bd00000, 0x000000008bd00000, 0x000000008be00000|  0%| F|  |TAMS 0x000000008bd00000| PB 0x000000008bd00000| Untracked |  0
| 190|0x000000008be00000, 0x000000008be00000, 0x000000008bf00000|  0%| F|  |TAMS 0x000000008be00000| PB 0x000000008be00000| Untracked |  0
| 191|0x000000008bf00000, 0x000000008bf00000, 0x000000008c000000|  0%| F|  |TAMS 0x000000008bf00000| PB 0x000000008bf00000| Untracked |  0
| 192|0x000000008c000000, 0x000000008c000000, 0x000000008c100000|  0%| F|  |TAMS 0x000000008c000000| PB 0x000000008c000000| Untracked |  0
| 193|0x000000008c100000, 0x000000008c100000, 0x000000008c200000|  0%| F|  |TAMS 0x000000008c100000| PB 0x000000008c100000| Untracked |  0
| 194|0x000000008c200000, 0x000000008c200000, 0x000000008c300000|  0%| F|  |TAMS 0x000000008c200000| PB 0x000000008c200000| Untracked |  0
| 195|0x000000008c300000, 0x000000008c300000, 0x000000008c400000|  0%| F|  |TAMS 0x000000008c300000| PB 0x000000008c300000| Untracked |  0
| 196|0x000000008c400000, 0x000000008c400000, 0x000000008c500000|  0%| F|  |TAMS 0x000000008c400000| PB 0x000000008c400000| Untracked |  0
| 197|0x000000008c500000, 0x000000008c500000, 0x000000008c600000|  0%| F|  |TAMS 0x000000008c500000| PB 0x000000008c500000| Untracked |  0
| 198|0x000000008c600000, 0x000000008c600000, 0x000000008c700000|  0%| F|  |TAMS 0x000000008c600000| PB 0x000000008c600000| Untracked |  0
| 199|0x000000008c700000, 0x000000008c700000, 0x000000008c800000|  0%| F|  |TAMS 0x000000008c700000| PB 0x000000008c700000| Untracked |  0
| 200|0x000000008c800000, 0x000000008c800000, 0x000000008c900000|  0%| F|  |TAMS 0x000000008c800000| PB 0x000000008c800000| Untracked |  0
| 201|0x000000008c900000, 0x000000008c900000, 0x000000008ca00000|  0%| F|  |TAMS 0x000000008c900000| PB 0x000000008c900000| Untracked |  0
| 202|0x000000008ca00000, 0x000000008ca00000, 0x000000008cb00000|  0%| F|  |TAMS 0x000000008ca00000| PB 0x000000008ca00000| Untracked |  0
| 203|0x000000008cb00000, 0x000000008cb00000, 0x000000008cc00000|  0%| F|  |TAMS 0x000000008cb00000| PB 0x000000008cb00000| Untracked |  0
| 204|0x000000008cc00000, 0x000000008cc00000, 0x000000008cd00000|  0%| F|  |TAMS 0x000000008cc00000| PB 0x000000008cc00000| Untracked |  0
| 205|0x000000008cd00000, 0x000000008cd00000, 0x000000008ce00000|  0%| F|  |TAMS 0x000000008cd00000| PB 0x000000008cd00000| Untracked |  0
| 206|0x000000008ce00000, 0x000000008ce00000, 0x000000008cf00000|  0%| F|  |TAMS 0x000000008ce00000| PB 0x000000008ce00000| Untracked |  0
| 207|0x000000008cf00000, 0x000000008cf00000, 0x000000008d000000|  0%| F|  |TAMS 0x000000008cf00000| PB 0x000000008cf00000| Untracked |  0
| 208|0x000000008d000000, 0x000000008d000000, 0x000000008d100000|  0%| F|  |TAMS 0x000000008d000000| PB 0x000000008d000000| Untracked |  0
| 209|0x000000008d100000, 0x000000008d100000, 0x000000008d200000|  0%| F|  |TAMS 0x000000008d100000| PB 0x000000008d100000| Untracked |  0
| 210|0x000000008d200000, 0x000000008d200000, 0x000000008d300000|  0%| F|  |TAMS 0x000000008d200000| PB 0x000000008d200000| Untracked |  0
| 254|0x000000008fe00000, 0x000000008fe00000, 0x000000008ff00000|  0%| F|  |TAMS 0x000000008fe00000| PB 0x000000008fe00000| Untracked |  0
| 255|0x000000008ff00000, 0x000000008ff00000, 0x0000000090000000|  0%| F|  |TAMS 0x000000008ff00000| PB 0x000000008ff00000| Untracked |  0
|2037|0x00000000ff500000, 0x00000000ff600000, 0x00000000ff600000|100%| E|  |TAMS 0x00000000ff500000| PB 0x00000000ff500000| Complete |  0
|2038|0x00000000ff600000, 0x00000000ff700000, 0x00000000ff700000|100%| O|  |TAMS 0x00000000ff700000| PB 0x00000000ff700000| Untracked |  0
|2039|0x00000000ff700000, 0x00000000ff800000, 0x00000000ff800000|100%| E|CS|TAMS 0x00000000ff700000| PB 0x00000000ff700000| Complete |  0
|2040|0x00000000ff800000, 0x00000000ff900000, 0x00000000ff900000|100%| O|  |TAMS 0x00000000ff900000| PB 0x00000000ff900000| Untracked |  0
|2041|0x00000000ff900000, 0x00000000ffa00000, 0x00000000ffa00000|100%| O|  |TAMS 0x00000000ffa00000| PB 0x00000000ffa00000| Untracked |  0
|2042|0x00000000ffa00000, 0x00000000ffb00000, 0x00000000ffb00000|100%| O|  |TAMS 0x00000000ffb00000| PB 0x00000000ffb00000| Updating |  0
|2043|0x00000000ffb00000, 0x00000000ffc00000, 0x00000000ffc00000|100%| O|  |TAMS 0x00000000ffc00000| PB 0x00000000ffc00000| Untracked |  0
|2044|0x00000000ffc00000, 0x00000000ffd00000, 0x00000000ffd00000|100%| O|  |TAMS 0x00000000ffd00000| PB 0x00000000ffd00000| Untracked |  0
|2045|0x00000000ffd00000, 0x00000000ffe00000, 0x00000000ffe00000|100%| O|  |TAMS 0x00000000ffe00000| PB 0x00000000ffe00000| Untracked |  0
|2046|0x00000000ffe00000, 0x00000000fff00000, 0x00000000fff00000|100%| O|  |TAMS 0x00000000fff00000| PB 0x00000000fff00000| Untracked |  0
|2047|0x00000000fff00000, 0x0000000100000000, 0x0000000100000000|100%| O|  |TAMS 0x0000000100000000| PB 0x0000000100000000| Untracked |  0

Card table byte_map: [0x0000029e2a3b0000,0x0000029e2a7b0000] _byte_map_base: 0x0000029e29fb0000

Marking Bits: (CMBitMap*) 0x0000029e10a8aa70
 Bits: [0x0000029e2a7b0000, 0x0000029e2c7b0000)

Polling page: 0x0000029e10740000

Metaspace:

Usage:
  Non-class:     96.82 MB used.
      Class:     15.64 MB used.
       Both:    112.46 MB used.

Virtual space:
  Non-class space:      128.00 MB reserved,      98.25 MB ( 77%) committed,  2 nodes.
      Class space:      416.00 MB reserved,      16.88 MB (  4%) committed,  1 nodes.
             Both:      544.00 MB reserved,     115.12 MB ( 21%) committed. 

Chunk freelists:
   Non-Class:  13.38 MB
       Class:  15.16 MB
        Both:  28.54 MB

MaxMetaspaceSize: 512.00 MB
CompressedClassSpaceSize: 416.00 MB
Initial GC threshold: 21.00 MB
Current GC threshold: 178.12 MB
CDS: on
 - commit_granule_bytes: 65536.
 - commit_granule_words: 8192.
 - virtual_space_node_default_size: 8388608.
 - enlarge_chunks_in_place: 1.
 - use_allocation_guard: 0.


Internal statistics:

num_allocs_failed_limit: 9.
num_arena_births: 4346.
num_arena_deaths: 38.
num_vsnodes_births: 3.
num_vsnodes_deaths: 0.
num_space_committed: 1842.
num_space_uncommitted: 0.
num_chunks_returned_to_freelist: 64.
num_chunks_taken_from_freelist: 9503.
num_chunk_merges: 11.
num_chunk_splits: 6238.
num_chunks_enlarged: 3999.
num_inconsistent_stats: 0.

CodeHeap 'non-profiled nmethods': size=120000Kb used=8625Kb max_used=8800Kb free=111374Kb
 bounds [0x0000029e21e00000, 0x0000029e226c0000, 0x0000029e29330000]
CodeHeap 'profiled nmethods': size=120000Kb used=24235Kb max_used=26320Kb free=95764Kb
 bounds [0x0000029e1a330000, 0x0000029e1bcf0000, 0x0000029e21860000]
CodeHeap 'non-nmethods': size=5760Kb used=2955Kb max_used=3058Kb free=2804Kb
 bounds [0x0000029e21860000, 0x0000029e21b80000, 0x0000029e21e00000]
 total_blobs=13593 nmethods=12558 adapters=938
 compilation: enabled
              stopped_count=0, restarted_count=0
 full_count=0

Compilation events (20 events):
Event: 90.243 Thread 0x0000029e55985720 nmethod 17048 0x0000029e22272010 code [0x0000029e222721c0, 0x0000029e22272500]
Event: 90.243 Thread 0x0000029e55985720 17027       4       java.lang.reflect.Modifier::toString (185 bytes)
Event: 90.244 Thread 0x0000029e50ca42c0 nmethod 17050 0x0000029e22096810 code [0x0000029e220969a0, 0x0000029e22096c78]
Event: 90.244 Thread 0x0000029e50ca42c0 17047       4       java.lang.reflect.Method::specificToGenericStringHeader (48 bytes)
Event: 90.251 Thread 0x0000029e55985720 nmethod 17027 0x0000029e22438510 code [0x0000029e22438740, 0x0000029e22438e50]
Event: 90.255 Thread 0x0000029e2ef8d130 17056   !   3       com.sun.beans.finder.InstanceFinder::instantiate (41 bytes)
Event: 90.256 Thread 0x0000029e2ef8d130 nmethod 17056 0x0000029e1a59f790 code [0x0000029e1a59f9c0, 0x0000029e1a59ff58]
Event: 90.256 Thread 0x0000029e2ef8d130 17057   !   3       com.sun.beans.finder.ClassFinder::findClass (21 bytes)
Event: 90.256 Thread 0x0000029e2ef8d130 nmethod 17057 0x0000029e1af23210 code [0x0000029e1af233e0, 0x0000029e1af235f8]
Event: 90.258 Thread 0x0000029e2ef8d130 17058       3       com.sun.beans.util.Cache$Kind$2::create (27 bytes)
Event: 90.258 Thread 0x0000029e2ef8d130 nmethod 17058 0x0000029e1abe7310 code [0x0000029e1abe7500, 0x0000029e1abe7a50]
Event: 90.258 Thread 0x0000029e2ef8d130 17059       3       com.sun.beans.util.Cache$Kind$Soft::<init> (12 bytes)
Event: 90.259 Thread 0x0000029e2ef8d130 nmethod 17059 0x0000029e1af1e990 code [0x0000029e1af1eb40, 0x0000029e1af1eed8]
Event: 90.259 Thread 0x0000029e2ef8d130 17060       1       java.beans.Introspector::getTargetDefaultEventIndex (5 bytes)
Event: 90.259 Thread 0x0000029e2ef8d130 nmethod 17060 0x0000029e22578990 code [0x0000029e22578b20, 0x0000029e22578be8]
Event: 90.259 Thread 0x0000029e2ef8d130 17061       1       java.beans.Introspector::getTargetDefaultPropertyIndex (5 bytes)
Event: 90.259 Thread 0x0000029e2ef8d130 nmethod 17061 0x0000029e22006510 code [0x0000029e220066a0, 0x0000029e22006768]
Event: 90.265 Thread 0x0000029e55985720 17062       4       groovy.lang.MetaClassImpl::addMetaMethodToIndex (65 bytes)
Event: 90.267 Thread 0x0000029e2ef8d130 17065       3       groovy.lang.MetaClassImpl::inheritInterfaceNewMetaMethods (195 bytes)
Event: 90.275 Thread 0x0000029e2ef8d130 nmethod 17065 0x0000029e1b0e8b10 code [0x0000029e1b0e8e20, 0x0000029e1b0ea078]

GC Heap History (20 events):
Event: 62.702 GC heap before
{Heap before GC invocations=34 (full 0):
 garbage-first heap   total reserved 2097152K, committed 178176K, used 160922K [0x0000000080000000, 0x0000000100000000)
  region size 1024K, 57 young (58368K), 5 survivors (5120K)
 Metaspace       used 99534K, committed 102144K, reserved 557056K
  class space    used 14026K, committed 15232K, reserved 425984K
}
Event: 62.705 GC heap after
{Heap after GC invocations=35 (full 0):
 garbage-first heap   total reserved 2097152K, committed 178176K, used 112059K [0x0000000080000000, 0x0000000100000000)
  region size 1024K, 8 young (8192K), 8 survivors (8192K)
 Metaspace       used 99534K, committed 102144K, reserved 557056K
  class space    used 14026K, committed 15232K, reserved 425984K
}
Event: 63.121 GC heap before
{Heap before GC invocations=36 (full 0):
 garbage-first heap   total reserved 2097152K, committed 188416K, used 159163K [0x0000000080000000, 0x0000000100000000)
  region size 1024K, 54 young (55296K), 8 survivors (8192K)
 Metaspace       used 100008K, committed 102592K, reserved 557056K
  class space    used 14094K, committed 15296K, reserved 425984K
}
Event: 63.126 GC heap after
{Heap after GC invocations=37 (full 0):
 garbage-first heap   total reserved 2097152K, committed 188416K, used 114795K [0x0000000080000000, 0x0000000100000000)
  region size 1024K, 3 young (3072K), 3 survivors (3072K)
 Metaspace       used 100008K, committed 102592K, reserved 557056K
  class space    used 14094K, committed 15296K, reserved 425984K
}
Event: 75.144 GC heap before
{Heap before GC invocations=37 (full 0):
 garbage-first heap   total reserved 2097152K, committed 188416K, used 173163K [0x0000000080000000, 0x0000000100000000)
  region size 1024K, 61 young (62464K), 3 survivors (3072K)
 Metaspace       used 100698K, committed 103360K, reserved 557056K
  class space    used 14117K, committed 15360K, reserved 425984K
}
Event: 75.149 GC heap after
{Heap after GC invocations=38 (full 0):
 garbage-first heap   total reserved 2097152K, committed 188416K, used 118489K [0x0000000080000000, 0x0000000100000000)
  region size 1024K, 7 young (7168K), 7 survivors (7168K)
 Metaspace       used 100698K, committed 103360K, reserved 557056K
  class space    used 14117K, committed 15360K, reserved 425984K
}
Event: 76.344 GC heap before
{Heap before GC invocations=38 (full 0):
 garbage-first heap   total reserved 2097152K, committed 188416K, used 169689K [0x0000000080000000, 0x0000000100000000)
  region size 1024K, 58 young (59392K), 7 survivors (7168K)
 Metaspace       used 100739K, committed 103424K, reserved 557056K
  class space    used 14118K, committed 15360K, reserved 425984K
}
Event: 76.350 GC heap after
{Heap after GC invocations=39 (full 0):
 garbage-first heap   total reserved 2097152K, committed 188416K, used 120183K [0x0000000080000000, 0x0000000100000000)
  region size 1024K, 6 young (6144K), 6 survivors (6144K)
 Metaspace       used 100739K, committed 103424K, reserved 557056K
  class space    used 14118K, committed 15360K, reserved 425984K
}
Event: 76.869 GC heap before
{Heap before GC invocations=40 (full 0):
 garbage-first heap   total reserved 2097152K, committed 201728K, used 169335K [0x0000000080000000, 0x0000000100000000)
  region size 1024K, 55 young (56320K), 6 survivors (6144K)
 Metaspace       used 100741K, committed 103424K, reserved 557056K
  class space    used 14118K, committed 15360K, reserved 425984K
}
Event: 76.876 GC heap after
{Heap after GC invocations=41 (full 0):
 garbage-first heap   total reserved 2097152K, committed 201728K, used 121862K [0x0000000080000000, 0x0000000100000000)
  region size 1024K, 4 young (4096K), 4 survivors (4096K)
 Metaspace       used 100741K, committed 103424K, reserved 557056K
  class space    used 14118K, committed 15360K, reserved 425984K
}
Event: 81.128 GC heap before
{Heap before GC invocations=41 (full 0):
 garbage-first heap   total reserved 2097152K, committed 201728K, used 191494K [0x0000000080000000, 0x0000000100000000)
  region size 1024K, 66 young (67584K), 4 survivors (4096K)
 Metaspace       used 103133K, committed 105792K, reserved 557056K
  class space    used 14395K, committed 15616K, reserved 425984K
}
Event: 81.134 GC heap after
{Heap after GC invocations=42 (full 0):
 garbage-first heap   total reserved 2097152K, committed 205824K, used 134813K [0x0000000080000000, 0x0000000100000000)
  region size 1024K, 9 young (9216K), 9 survivors (9216K)
 Metaspace       used 103133K, committed 105792K, reserved 557056K
  class space    used 14395K, committed 15616K, reserved 425984K
}
Event: 83.247 GC heap before
{Heap before GC invocations=42 (full 0):
 garbage-first heap   total reserved 2097152K, committed 205824K, used 184989K [0x0000000080000000, 0x0000000100000000)
  region size 1024K, 58 young (59392K), 9 survivors (9216K)
 Metaspace       used 106583K, committed 109312K, reserved 557056K
  class space    used 14776K, committed 16064K, reserved 425984K
}
Event: 83.253 GC heap after
{Heap after GC invocations=43 (full 0):
 garbage-first heap   total reserved 2097152K, committed 205824K, used 136829K [0x0000000080000000, 0x0000000100000000)
  region size 1024K, 2 young (2048K), 2 survivors (2048K)
 Metaspace       used 106583K, committed 109312K, reserved 557056K
  class space    used 14776K, committed 16064K, reserved 425984K
}
Event: 84.293 GC heap before
{Heap before GC invocations=44 (full 0):
 garbage-first heap   total reserved 2097152K, committed 229376K, used 196221K [0x0000000080000000, 0x0000000100000000)
  region size 1024K, 55 young (56320K), 2 survivors (2048K)
 Metaspace       used 108971K, committed 111744K, reserved 557056K
  class space    used 15115K, committed 16384K, reserved 425984K
}
Event: 84.297 GC heap after
{Heap after GC invocations=45 (full 0):
 garbage-first heap   total reserved 2097152K, committed 229376K, used 142400K [0x0000000080000000, 0x0000000100000000)
  region size 1024K, 7 young (7168K), 7 survivors (7168K)
 Metaspace       used 108971K, committed 111744K, reserved 557056K
  class space    used 15115K, committed 16384K, reserved 425984K
}
Event: 86.092 GC heap before
{Heap before GC invocations=45 (full 0):
 garbage-first heap   total reserved 2097152K, committed 229376K, used 211008K [0x0000000080000000, 0x0000000100000000)
  region size 1024K, 72 young (73728K), 7 survivors (7168K)
 Metaspace       used 112880K, committed 115584K, reserved 557056K
  class space    used 15654K, committed 16896K, reserved 425984K
}
Event: 86.097 GC heap after
{Heap after GC invocations=46 (full 0):
 garbage-first heap   total reserved 2097152K, committed 229376K, used 145794K [0x0000000080000000, 0x0000000100000000)
  region size 1024K, 3 young (3072K), 3 survivors (3072K)
 Metaspace       used 112880K, committed 115584K, reserved 557056K
  class space    used 15654K, committed 16896K, reserved 425984K
}
Event: 90.267 GC heap before
{Heap before GC invocations=46 (full 0):
 garbage-first heap   total reserved 2097152K, committed 229376K, used 213378K [0x0000000080000000, 0x0000000100000000)
  region size 1024K, 69 young (70656K), 3 survivors (3072K)
 Metaspace       used 115161K, committed 117888K, reserved 557056K
  class space    used 16013K, committed 17280K, reserved 425984K
}
Event: 90.273 GC heap after
{Heap after GC invocations=47 (full 0):
 garbage-first heap   total reserved 2097152K, committed 229376K, used 149342K [0x0000000080000000, 0x0000000100000000)
  region size 1024K, 6 young (6144K), 6 survivors (6144K)
 Metaspace       used 115161K, committed 117888K, reserved 557056K
  class space    used 16013K, committed 17280K, reserved 425984K
}

Dll operation events (17 events):
Event: 0.017 Loaded shared library C:\Program Files\Java\jdk-22\bin\java.dll
Event: 0.039 Loaded shared library C:\Program Files\Java\jdk-22\bin\jsvml.dll
Event: 0.101 Loaded shared library C:\Program Files\Java\jdk-22\bin\zip.dll
Event: 0.124 Loaded shared library C:\Program Files\Java\jdk-22\bin\instrument.dll
Event: 0.128 Loaded shared library C:\Program Files\Java\jdk-22\bin\net.dll
Event: 0.133 Loaded shared library C:\Program Files\Java\jdk-22\bin\nio.dll
Event: 0.136 Loaded shared library C:\Program Files\Java\jdk-22\bin\zip.dll
Event: 0.355 Loaded shared library C:\Program Files\Java\jdk-22\bin\jimage.dll
Event: 0.499 Loaded shared library C:\Program Files\Java\jdk-22\bin\verify.dll
Event: 0.616 Loaded shared library C:\Users\Xoan\.gradle\native\1def1411415f61bf3af743bc5b6707747c0891f09f0c88961ee8f79bc544acac\windows-amd64\native-platform.dll
Event: 0.636 Loaded shared library C:\Users\Xoan\.gradle\native\0.2.7\x86_64-windows-gnu\gradle-fileevents.dll
Event: 1.449 Loaded shared library C:\Program Files\Java\jdk-22\bin\management.dll
Event: 1.458 Loaded shared library C:\Program Files\Java\jdk-22\bin\management_ext.dll
Event: 1.629 Loaded shared library C:\Program Files\Java\jdk-22\bin\extnet.dll
Event: 1.836 Loaded shared library C:\Program Files\Java\jdk-22\bin\sunmscapi.dll
Event: 32.585 Loaded shared library C:\Users\Xoan\AppData\Local\Temp\native-platform7942039432004409761dir\native-platform.dll
Event: 35.264 Loaded shared library C:\Program Files\Java\jdk-22\bin\rmi.dll

Deoptimization events (20 events):
Event: 88.055 Thread 0x0000029e508fea40 Uncommon trap: trap_request=0xffffff45 fr.pc=0x0000029e22035f44 relative=0x00000000000006c4
Event: 88.055 Thread 0x0000029e508fea40 Uncommon trap: reason=unstable_if action=reinterpret pc=0x0000029e22035f44 method=java.lang.invoke.LambdaForm$BasicType.basicType(C)Ljava/lang/invoke/LambdaForm$BasicType; @ 1 c2
Event: 88.055 Thread 0x0000029e508fea40 DEOPT PACKING pc=0x0000029e22035f44 sp=0x000000c2964f41b0
Event: 88.055 Thread 0x0000029e508fea40 DEOPT UNPACKING pc=0x0000029e218b46a2 sp=0x000000c2964f4048 mode 2
Event: 89.979 Thread 0x0000029e508fea40 DEOPT PACKING pc=0x0000029e1ade401c sp=0x000000c2964f56d0
Event: 89.979 Thread 0x0000029e508fea40 DEOPT UNPACKING pc=0x0000029e218b4e42 sp=0x000000c2964f4c30 mode 0
Event: 90.082 Thread 0x0000029e54fed160 Uncommon trap: trap_request=0xffffffde fr.pc=0x0000029e2250bac0 relative=0x0000000000000360
Event: 90.082 Thread 0x0000029e54fed160 Uncommon trap: reason=class_check action=maybe_recompile pc=0x0000029e2250bac0 method=java.io.BufferedOutputStream.implWrite([BII)V @ 19 c2
Event: 90.082 Thread 0x0000029e54fed160 DEOPT PACKING pc=0x0000029e2250bac0 sp=0x000000c2942fe460
Event: 90.082 Thread 0x0000029e54fed160 DEOPT UNPACKING pc=0x0000029e218b46a2 sp=0x000000c2942fe3f8 mode 2
Event: 90.093 Thread 0x0000029e508fea40 Uncommon trap: trap_request=0xffffff45 fr.pc=0x0000029e221b9f58 relative=0x0000000000001fd8
Event: 90.093 Thread 0x0000029e508fea40 Uncommon trap: reason=unstable_if action=reinterpret pc=0x0000029e221b9f58 method=java.lang.String.split(CIZ)[Ljava/lang/String; @ 184 c2
Event: 90.093 Thread 0x0000029e508fea40 DEOPT PACKING pc=0x0000029e221b9f58 sp=0x000000c2964f4630
Event: 90.093 Thread 0x0000029e508fea40 DEOPT UNPACKING pc=0x0000029e218b46a2 sp=0x000000c2964f4588 mode 2
Event: 90.103 Thread 0x0000029e508fea40 Uncommon trap: trap_request=0xfffffff4 fr.pc=0x0000029e22216548 relative=0x0000000000000548
Event: 90.103 Thread 0x0000029e508fea40 Uncommon trap: reason=null_check action=make_not_entrant pc=0x0000029e22216548 method=java.lang.PublicMethods$MethodList.getMostSpecific()Ljava/lang/reflect/Method; @ 41 c2
Event: 90.103 Thread 0x0000029e508fea40 DEOPT PACKING pc=0x0000029e22216548 sp=0x000000c2964f2180
Event: 90.103 Thread 0x0000029e508fea40 DEOPT UNPACKING pc=0x0000029e218b46a2 sp=0x000000c2964f2040 mode 2
Event: 90.288 Thread 0x0000029e508fea40 Uncommon trap: trap_request=0xffffffc6 fr.pc=0x0000029e221f57e0 relative=0x00000000000003a0
Event: 92.283 Thread 0x0000029e508fea40 Uncommon trap: reason=bimorphic_or_optimized_type_check action=maybe_recompile pc=0x0000029e221f57e0 method=org.codehaus.groovy.runtime.metaclass.MetaMethodIndex.isOverridden(Lgroovy/lang/MetaMethod;Lgroovy/lang/MetaMethod;)Z @ 10 c2

Classes loaded (20 events):
Event: 88.068 Loading class java/lang/ProcessCustomizer
Event: 88.068 Loading class java/lang/ProcessCustomizer done
Event: 88.068 Loading class java/lang/ProcessCustomizer
Event: 88.068 Loading class java/lang/ProcessCustomizer done
Event: 88.069 Loading class java/lang/ProcessImplCustomizer
Event: 88.069 Loading class java/lang/ProcessImplCustomizer done
Event: 88.069 Loading class java/lang/ProcessImplCustomizer
Event: 88.069 Loading class java/lang/ProcessImplCustomizer done
Event: 88.812 Loading class java/lang/BooleanBeanInfo
Event: 88.812 Loading class java/lang/BooleanBeanInfo done
Event: 88.812 Loading class java/lang/BooleanBeanInfo
Event: 88.812 Loading class java/lang/BooleanBeanInfo done
Event: 88.813 Loading class java/lang/BooleanCustomizer
Event: 88.813 Loading class java/lang/BooleanCustomizer done
Event: 88.813 Loading class java/lang/BooleanCustomizer
Event: 88.813 Loading class java/lang/BooleanCustomizer done
Event: 88.813 Loading class jdk/internal/ValueBased
Event: 88.813 Loading class jdk/internal/ValueBased done
Event: 90.219 Loading class java/beans/IntrospectionException
Event: 90.219 Loading class java/beans/IntrospectionException done

Classes unloaded (19 events):
Event: 62.755 Thread 0x0000029e2ef5bf40 Unloading class 0x0000029e31cb0400 'java/lang/invoke/LambdaForm$MH+0x0000029e31cb0400'
Event: 62.755 Thread 0x0000029e2ef5bf40 Unloading class 0x0000029e31cafc00 'java/lang/invoke/LambdaForm$MH+0x0000029e31cafc00'
Event: 62.755 Thread 0x0000029e2ef5bf40 Unloading class 0x0000029e31caf400 'java/lang/invoke/LambdaForm$MH+0x0000029e31caf400'
Event: 62.755 Thread 0x0000029e2ef5bf40 Unloading class 0x0000029e31caec00 'java/lang/invoke/LambdaForm$MH+0x0000029e31caec00'
Event: 62.755 Thread 0x0000029e2ef5bf40 Unloading class 0x0000029e31cae400 'java/lang/invoke/LambdaForm$MH+0x0000029e31cae400'
Event: 62.755 Thread 0x0000029e2ef5bf40 Unloading class 0x0000029e31cae000 'java/lang/invoke/LambdaForm$MH+0x0000029e31cae000'
Event: 62.755 Thread 0x0000029e2ef5bf40 Unloading class 0x0000029e31cad400 'java/lang/invoke/LambdaForm$MH+0x0000029e31cad400'
Event: 62.755 Thread 0x0000029e2ef5bf40 Unloading class 0x0000029e31cacc00 'java/lang/invoke/LambdaForm$MH+0x0000029e31cacc00'
Event: 62.755 Thread 0x0000029e2ef5bf40 Unloading class 0x0000029e31cac400 'java/lang/invoke/LambdaForm$MH+0x0000029e31cac400'
Event: 62.755 Thread 0x0000029e2ef5bf40 Unloading class 0x0000029e31cabc00 'java/lang/invoke/LambdaForm$MH+0x0000029e31cabc00'
Event: 62.755 Thread 0x0000029e2ef5bf40 Unloading class 0x0000029e31cab400 'java/lang/invoke/LambdaForm$MH+0x0000029e31cab400'
Event: 62.755 Thread 0x0000029e2ef5bf40 Unloading class 0x0000029e31caac00 'java/lang/invoke/LambdaForm$MH+0x0000029e31caac00'
Event: 62.755 Thread 0x0000029e2ef5bf40 Unloading class 0x0000029e31caa400 'java/lang/invoke/LambdaForm$MH+0x0000029e31caa400'
Event: 62.755 Thread 0x0000029e2ef5bf40 Unloading class 0x0000029e31ca9c00 'java/lang/invoke/LambdaForm$MH+0x0000029e31ca9c00'
Event: 62.755 Thread 0x0000029e2ef5bf40 Unloading class 0x0000029e31ca9400 'java/lang/invoke/LambdaForm$MH+0x0000029e31ca9400'
Event: 62.755 Thread 0x0000029e2ef5bf40 Unloading class 0x0000029e31ca9000 'java/lang/invoke/LambdaForm$MH+0x0000029e31ca9000'
Event: 62.755 Thread 0x0000029e2ef5bf40 Unloading class 0x0000029e31ca8400 'java/lang/invoke/LambdaForm$MH+0x0000029e31ca8400'
Event: 62.755 Thread 0x0000029e2ef5bf40 Unloading class 0x0000029e31ca5c00 'java/lang/invoke/LambdaForm$MH+0x0000029e31ca5c00'
Event: 62.755 Thread 0x0000029e2ef5bf40 Unloading class 0x0000029e31ca5000 'java/lang/invoke/LambdaForm$DMH+0x0000029e31ca5000'

Classes redefined (0 events):
No events

Internal exceptions (20 events):
Event: 90.063 Thread 0x0000029e508fea40 Exception <a 'java/lang/ClassNotFoundException'{0x000000008a9f4b10}: com/android/build/gradle/TestedExtensionCustomizer> (0x000000008a9f4b10) 
thrown [s\open\src\hotspot\share\classfile\systemDictionary.cpp, line 313]
Event: 90.065 Thread 0x0000029e508fea40 Exception <a 'java/lang/ClassNotFoundException'{0x000000008a828188}: com/android/build/gradle/AbstractAppExtensionCustomizer> (0x000000008a828188) 
thrown [s\open\src\hotspot\share\classfile\systemDictionary.cpp, line 313]
Event: 90.067 Thread 0x0000029e508fea40 Exception <a 'java/lang/ClassNotFoundException'{0x000000008a856830}: com/android/build/gradle/AppExtensionCustomizer> (0x000000008a856830) 
thrown [s\open\src\hotspot\share\classfile\systemDictionary.cpp, line 313]
Event: 90.069 Thread 0x0000029e508fea40 Exception <a 'java/lang/ClassNotFoundException'{0x000000008a884130}: com/android/build/gradle/internal/dsl/BaseAppModuleExtensionCustomizer> (0x000000008a884130) 
thrown [s\open\src\hotspot\share\classfile\systemDictionary.cpp, line 313]
Event: 90.076 Thread 0x0000029e508fea40 Exception <a 'java/lang/ClassNotFoundException'{0x000000008a779b08}: com/android/build/gradle/internal/dsl/BaseAppModuleExtension_DecoratedCustomizer> (0x000000008a779b08) 
thrown [s\open\src\hotspot\share\classfile\systemDictionary.cpp, line 313]
Event: 90.197 Thread 0x0000029e508fea40 Exception <a 'java/lang/ClassNotFoundException'{0x00000000899c4c08}: com/android/build/gradle/internal/dsl/DefaultConfig$AgpDecorated_DecoratedBeanInfo> (0x00000000899c4c08) 
thrown [s\open\src\hotspot\share\classfile\systemDictionary.cpp, line 313]
Event: 90.206 Thread 0x0000029e508fea40 Exception <a 'java/lang/ClassNotFoundException'{0x00000000899df5d0}: com/android/build/gradle/internal/dsl/DefaultConfig$AgpDecoratedBeanInfo> (0x00000000899df5d0) 
thrown [s\open\src\hotspot\share\classfile\systemDictionary.cpp, line 313]
Event: 90.207 Thread 0x0000029e508fea40 Exception <a 'java/lang/ClassNotFoundException'{0x00000000899f9c40}: com/android/build/gradle/internal/dsl/DefaultConfigBeanInfo> (0x00000000899f9c40) 
thrown [s\open\src\hotspot\share\classfile\systemDictionary.cpp, line 313]
Event: 90.208 Thread 0x0000029e508fea40 Exception <a 'java/lang/ClassNotFoundException'{0x0000000089814498}: com/android/build/gradle/internal/dsl/BaseFlavorBeanInfo> (0x0000000089814498) 
thrown [s\open\src\hotspot\share\classfile\systemDictionary.cpp, line 313]
Event: 90.209 Thread 0x0000029e508fea40 Exception <a 'java/lang/ClassNotFoundException'{0x000000008982e928}: com/android/builder/core/AbstractProductFlavorBeanInfo> (0x000000008982e928) 
thrown [s\open\src\hotspot\share\classfile\systemDictionary.cpp, line 313]
Event: 90.210 Thread 0x0000029e508fea40 Exception <a 'java/lang/ClassNotFoundException'{0x0000000089848d90}: com/android/builder/internal/BaseConfigImplBeanInfo> (0x0000000089848d90) 
thrown [s\open\src\hotspot\share\classfile\systemDictionary.cpp, line 313]
Event: 90.212 Thread 0x0000029e508fea40 Exception <a 'java/lang/ClassNotFoundException'{0x00000000898631d0}: com/android/builder/internal/BaseConfigImplCustomizer> (0x00000000898631d0) 
thrown [s\open\src\hotspot\share\classfile\systemDictionary.cpp, line 313]
Event: 90.214 Thread 0x0000029e508fea40 Exception <a 'java/lang/ClassNotFoundException'{0x000000008989ced0}: com/android/builder/core/AbstractProductFlavorCustomizer> (0x000000008989ced0) 
thrown [s\open\src\hotspot\share\classfile\systemDictionary.cpp, line 313]
Event: 90.217 Thread 0x0000029e508fea40 Exception <a 'java/lang/ClassNotFoundException'{0x00000000898f2da8}: com/android/build/gradle/internal/dsl/BaseFlavorCustomizer> (0x00000000898f2da8) 
thrown [s\open\src\hotspot\share\classfile\systemDictionary.cpp, line 313]
Event: 90.226 Thread 0x0000029e508fea40 Exception <a 'java/lang/ClassNotFoundException'{0x0000000089770870}: com/android/build/gradle/internal/dsl/DefaultConfigCustomizer> (0x0000000089770870) 
thrown [s\open\src\hotspot\share\classfile\systemDictionary.cpp, line 313]
Event: 90.227 Thread 0x0000029e508fea40 Exception <a 'java/lang/ClassNotFoundException'{0x00000000897aa238}: com/android/build/gradle/internal/dsl/DefaultConfig$AgpDecoratedCustomizer> (0x00000000897aa238) 
thrown [s\open\src\hotspot\share\classfile\systemDictionary.cpp, line 313]
Event: 90.232 Thread 0x0000029e508fea40 Exception <a 'java/lang/ClassNotFoundException'{0x000000008960cf00}: com/android/build/gradle/internal/dsl/DefaultConfig$AgpDecorated_DecoratedCustomizer> (0x000000008960cf00) 
thrown [s\open\src\hotspot\share\classfile\systemDictionary.cpp, line 313]
Event: 90.238 Thread 0x0000029e508fea40 Exception <a 'java/lang/NoSuchMethodError'{0x0000000089505480}: 'void java.lang.invoke.DirectMethodHandle$Holder.invokeInterface(java.lang.Object, java.lang.Object, int)'> (0x0000000089505480) 
thrown [s\open\src\hotspot\share\interpreter\linkResolver.cpp, line 774]
Event: 90.255 Thread 0x0000029e508fea40 Exception <a 'java/lang/ClassNotFoundException'{0x0000000089564388}: org/gradle/api/internal/NamedDomainObjectContainerConfigureDelegateBeanInfo> (0x0000000089564388) 
thrown [s\open\src\hotspot\share\classfile\systemDictionary.cpp, line 313]
Event: 90.258 Thread 0x0000029e508fea40 Exception <a 'java/lang/ClassNotFoundException'{0x0000000089584678}: org/gradle/api/internal/NamedDomainObjectContainerConfigureDelegateCustomizer> (0x0000000089584678) 
thrown [s\open\src\hotspot\share\classfile\systemDictionary.cpp, line 313]

ZGC Phase Switch (0 events):
No events

VM Operations (20 events):
Event: 83.135 Executing VM operation: Cleanup done
Event: 83.247 Executing VM operation: G1CollectForAllocation (G1 Evacuation Pause)
Event: 83.253 Executing VM operation: G1CollectForAllocation (G1 Evacuation Pause) done
Event: 83.326 Executing VM operation: G1PauseRemark
Event: 83.336 Executing VM operation: G1PauseRemark done
Event: 83.378 Executing VM operation: G1PauseCleanup
Event: 83.378 Executing VM operation: G1PauseCleanup done
Event: 84.293 Executing VM operation: G1CollectForAllocation (G1 Evacuation Pause)
Event: 84.297 Executing VM operation: G1CollectForAllocation (G1 Evacuation Pause) done
Event: 86.092 Executing VM operation: G1CollectForAllocation (G1 Evacuation Pause)
Event: 86.097 Executing VM operation: G1CollectForAllocation (G1 Evacuation Pause) done
Event: 88.039 Executing VM operation: HandshakeAllThreads (Deoptimize)
Event: 88.039 Executing VM operation: HandshakeAllThreads (Deoptimize) done
Event: 88.039 Executing VM operation: Cleanup
Event: 88.039 Executing VM operation: Cleanup done
Event: 90.039 Executing VM operation: Cleanup
Event: 90.039 Executing VM operation: Cleanup done
Event: 90.267 Executing VM operation: G1CollectForAllocation (G1 Evacuation Pause)
Event: 90.273 Executing VM operation: G1CollectForAllocation (G1 Evacuation Pause) done
Event: 90.350 Executing VM operation: G1PauseRemark

Events (20 events):
Event: 83.334 Thread 0x0000029e2ef5bf40 flushing nmethod 0x0000029e1b2d1910
Event: 83.334 Thread 0x0000029e2ef5bf40 flushing nmethod 0x0000029e1b2ec410
Event: 83.334 Thread 0x0000029e2ef5bf40 flushing nmethod 0x0000029e1b322210
Event: 83.334 Thread 0x0000029e2ef5bf40 flushing nmethod 0x0000029e1b4c0590
Event: 83.334 Thread 0x0000029e2ef5bf40 flushing nmethod 0x0000029e1b534510
Event: 83.334 Thread 0x0000029e2ef5bf40 flushing nmethod 0x0000029e1b534e90
Event: 83.334 Thread 0x0000029e2ef5bf40 flushing nmethod 0x0000029e1b537990
Event: 83.334 Thread 0x0000029e2ef5bf40 flushing nmethod 0x0000029e1b7bb990
Event: 83.334 Thread 0x0000029e2ef5bf40 flushing nmethod 0x0000029e1b7bee90
Event: 83.334 Thread 0x0000029e2ef5bf40 flushing nmethod 0x0000029e1b7d1090
Event: 83.334 Thread 0x0000029e2ef5bf40 flushing nmethod 0x0000029e1b878d90
Event: 83.334 Thread 0x0000029e2ef5bf40 flushing nmethod 0x0000029e1b87a610
Event: 83.380 Thread 0x0000029e55984980 Thread added: 0x0000029e55984980
Event: 84.741 Thread 0x0000029e55984980 Thread exited: 0x0000029e55984980
Event: 85.395 Thread 0x0000029e54fef8c0 Thread added: 0x0000029e54fef8c0
Event: 89.579 Thread 0x0000029e52038580 Thread exited: 0x0000029e52038580
Event: 89.580 Thread 0x0000029e52038c10 Thread exited: 0x0000029e52038c10
Event: 89.605 Thread 0x0000029e5203a650 Thread exited: 0x0000029e5203a650
Event: 90.216 Thread 0x0000029e55985720 Thread added: 0x0000029e55985720
Event: 90.236 Thread 0x0000029e50ca42c0 Thread added: 0x0000029e50ca42c0


Dynamic libraries:
0x00007ff682a60000 - 0x00007ff682a70000 	C:\Program Files\Java\jdk-22\bin\java.exe
0x00007ff911f60000 - 0x00007ff9121c7000 	C:\WINDOWS\SYSTEM32\ntdll.dll
0x00007ff911810000 - 0x00007ff9118d9000 	C:\WINDOWS\System32\KERNEL32.DLL
0x00007ff90f5d0000 - 0x00007ff90f9c0000 	C:\WINDOWS\System32\KERNELBASE.dll
0x00007ff90fba0000 - 0x00007ff90fceb000 	C:\WINDOWS\System32\ucrtbase.dll
0x00007ff909f20000 - 0x00007ff909f37000 	C:\Program Files\Java\jdk-22\bin\jli.dll
0x00007ff909f00000 - 0x00007ff909f1b000 	C:\Program Files\Java\jdk-22\bin\VCRUNTIME140.dll
0x00007ff911d50000 - 0x00007ff911e04000 	C:\WINDOWS\System32\ADVAPI32.dll
0x00007ff9118e0000 - 0x00007ff911989000 	C:\WINDOWS\System32\msvcrt.dll
0x00007ff911a50000 - 0x00007ff911af6000 	C:\WINDOWS\System32\sechost.dll
0x00007ff911570000 - 0x00007ff911688000 	C:\WINDOWS\System32\RPCRT4.dll
0x00007ff9111f0000 - 0x00007ff9113b5000 	C:\WINDOWS\System32\USER32.dll
0x00007ff90f150000 - 0x00007ff90f177000 	C:\WINDOWS\System32\win32u.dll
0x00007ff8f30b0000 - 0x00007ff8f334a000 	C:\WINDOWS\WinSxS\amd64_microsoft.windows.common-controls_6595b64144ccf1df_6.0.26100.4768_none_3e0c112ce331287c\COMCTL32.dll
0x00007ff911ef0000 - 0x00007ff911f1b000 	C:\WINDOWS\System32\GDI32.dll
0x00007ff90f9d0000 - 0x00007ff90fb08000 	C:\WINDOWS\System32\gdi32full.dll
0x00007ff90f180000 - 0x00007ff90f223000 	C:\WINDOWS\System32\msvcp_win.dll
0x00007ff909710000 - 0x00007ff90971b000 	C:\WINDOWS\SYSTEM32\VERSION.dll
0x00007ff9119a0000 - 0x00007ff9119cf000 	C:\WINDOWS\System32\IMM32.DLL
0x00007ff9095b0000 - 0x00007ff9095bc000 	C:\Program Files\Java\jdk-22\bin\vcruntime140_1.dll
0x00007ff8ddfa0000 - 0x00007ff8de02e000 	C:\Program Files\Java\jdk-22\bin\msvcp140.dll
0x00007ff88ed50000 - 0x00007ff88fa97000 	C:\Program Files\Java\jdk-22\bin\server\jvm.dll
0x00007ff911e70000 - 0x00007ff911ee4000 	C:\WINDOWS\System32\WS2_32.dll
0x00007ff90eef0000 - 0x00007ff90ef4e000 	C:\WINDOWS\SYSTEM32\POWRPROF.dll
0x00007ff902900000 - 0x00007ff902935000 	C:\WINDOWS\SYSTEM32\WINMM.dll
0x00007ff90eed0000 - 0x00007ff90eee4000 	C:\WINDOWS\SYSTEM32\UMPDC.dll
0x00007ff90ddd0000 - 0x00007ff90ddeb000 	C:\WINDOWS\SYSTEM32\kernel.appcore.dll
0x00007ff9095a0000 - 0x00007ff9095aa000 	C:\Program Files\Java\jdk-22\bin\jimage.dll
0x00007ff8fa9e0000 - 0x00007ff8fac21000 	C:\WINDOWS\SYSTEM32\DBGHELP.DLL
0x00007ff910500000 - 0x00007ff910885000 	C:\WINDOWS\System32\combase.dll
0x00007ff911690000 - 0x00007ff911770000 	C:\WINDOWS\System32\OLEAUT32.dll
0x00007ff8e7660000 - 0x00007ff8e76a3000 	C:\WINDOWS\SYSTEM32\dbgcore.DLL
0x00007ff90f530000 - 0x00007ff90f5c9000 	C:\WINDOWS\System32\bcryptPrimitives.dll
0x00007ff8e7710000 - 0x00007ff8e771f000 	C:\Program Files\Java\jdk-22\bin\instrument.dll
0x00007ff8e6450000 - 0x00007ff8e646e000 	C:\Program Files\Java\jdk-22\bin\java.dll
0x00007ff910890000 - 0x00007ff910fdd000 	C:\WINDOWS\System32\SHELL32.dll
0x00007ff90f3b0000 - 0x00007ff90f523000 	C:\WINDOWS\System32\wintypes.dll
0x00007ff9113c0000 - 0x00007ff911560000 	C:\WINDOWS\System32\ole32.dll
0x00007ff90cc50000 - 0x00007ff90d4b0000 	C:\WINDOWS\SYSTEM32\windows.storage.dll
0x00007ff911c00000 - 0x00007ff911cf5000 	C:\WINDOWS\System32\SHCORE.dll
0x00007ff9119e0000 - 0x00007ff911a4a000 	C:\WINDOWS\System32\shlwapi.dll
0x00007ff90efb0000 - 0x00007ff90efd9000 	C:\WINDOWS\SYSTEM32\profapi.dll
0x00007ff88ec70000 - 0x00007ff88ed47000 	C:\Program Files\Java\jdk-22\bin\jsvml.dll
0x00007ff8e63a0000 - 0x00007ff8e63b7000 	C:\Program Files\Java\jdk-22\bin\zip.dll
0x00007ff8e6110000 - 0x00007ff8e6120000 	C:\Program Files\Java\jdk-22\bin\net.dll
0x00007ff90e340000 - 0x00007ff90e3ab000 	C:\WINDOWS\system32\mswsock.dll
0x00007ff8ddf80000 - 0x00007ff8ddf96000 	C:\Program Files\Java\jdk-22\bin\nio.dll
0x00007ff8e5300000 - 0x00007ff8e5310000 	C:\Program Files\Java\jdk-22\bin\verify.dll
0x00007ff8c88c0000 - 0x00007ff8c88e7000 	C:\Users\Xoan\.gradle\native\1def1411415f61bf3af743bc5b6707747c0891f09f0c88961ee8f79bc544acac\windows-amd64\native-platform.dll
0x00007ff88ebf0000 - 0x00007ff88ec68000 	C:\Users\Xoan\.gradle\native\0.2.7\x86_64-windows-gnu\gradle-fileevents.dll
0x00007ff8e4f60000 - 0x00007ff8e4f6a000 	C:\Program Files\Java\jdk-22\bin\management.dll
0x00007ff8e4950000 - 0x00007ff8e495b000 	C:\Program Files\Java\jdk-22\bin\management_ext.dll
0x00007ff911070000 - 0x00007ff911078000 	C:\WINDOWS\System32\PSAPI.DLL
0x00007ff90d780000 - 0x00007ff90d7b3000 	C:\WINDOWS\SYSTEM32\IPHLPAPI.DLL
0x00007ff911990000 - 0x00007ff91199a000 	C:\WINDOWS\System32\NSI.dll
0x00007ff8e4370000 - 0x00007ff8e4379000 	C:\Program Files\Java\jdk-22\bin\extnet.dll
0x00007ff90e720000 - 0x00007ff90e73b000 	C:\WINDOWS\SYSTEM32\CRYPTSP.dll
0x00007ff90dd30000 - 0x00007ff90dd6b000 	C:\WINDOWS\system32\rsaenh.dll
0x00007ff90e3e0000 - 0x00007ff90e40b000 	C:\WINDOWS\SYSTEM32\USERENV.dll
0x00007ff90ef80000 - 0x00007ff90efa6000 	C:\WINDOWS\SYSTEM32\bcrypt.dll
0x00007ff90e580000 - 0x00007ff90e58c000 	C:\WINDOWS\SYSTEM32\CRYPTBASE.dll
0x00007ff8ddf70000 - 0x00007ff8ddf7e000 	C:\Program Files\Java\jdk-22\bin\sunmscapi.dll
0x00007ff90f230000 - 0x00007ff90f3a7000 	C:\WINDOWS\System32\CRYPT32.dll
0x00007ff90e880000 - 0x00007ff90e8b0000 	C:\WINDOWS\SYSTEM32\ncrypt.dll
0x00007ff90e830000 - 0x00007ff90e86f000 	C:\WINDOWS\SYSTEM32\NTASN1.dll
0x00007ff90c100000 - 0x00007ff90c108000 	C:\WINDOWS\system32\wshunix.dll
0x00007ff8d0200000 - 0x00007ff8d0218000 	C:\WINDOWS\system32\napinsp.dll
0x00007ff90d7c0000 - 0x00007ff90d8e6000 	C:\WINDOWS\SYSTEM32\DNSAPI.dll
0x00007ff8d01e0000 - 0x00007ff8d01f2000 	C:\WINDOWS\System32\winrnr.dll
0x00007ff8d01a0000 - 0x00007ff8d01d0000 	C:\WINDOWS\system32\nlansp_c.dll
0x00007ff8d0170000 - 0x00007ff8d0190000 	C:\WINDOWS\system32\wshbth.dll
0x00007ff9072b0000 - 0x00007ff9072bb000 	C:\Windows\System32\rasadhlp.dll
0x00007ff907650000 - 0x00007ff9076d6000 	C:\WINDOWS\System32\fwpuclnt.dll
0x00007ff90c170000 - 0x00007ff90c20e000 	C:\WINDOWS\system32\apphelp.dll
0x00007ff889920000 - 0x00007ff88993e000 	C:\Users\Xoan\AppData\Local\Temp\native-platform7942039432004409761dir\native-platform.dll
0x00007ff89abc0000 - 0x00007ff89abc7000 	C:\Program Files\Java\jdk-22\bin\rmi.dll

dbghelp: loaded successfully - version: 4.0.5 - missing functions: none
symbol engine: initialized successfully - sym options: 0x614 - pdb path: .;C:\Program Files\Java\jdk-22\bin;C:\WINDOWS\SYSTEM32;C:\WINDOWS\WinSxS\amd64_microsoft.windows.common-controls_6595b64144ccf1df_6.0.26100.4768_none_3e0c112ce331287c;C:\Program Files\Java\jdk-22\bin\server;C:\Users\Xoan\.gradle\native\1def1411415f61bf3af743bc5b6707747c0891f09f0c88961ee8f79bc544acac\windows-amd64;C:\Users\Xoan\.gradle\native\0.2.7\x86_64-windows-gnu;C:\Users\Xoan\AppData\Local\Temp\native-platform7942039432004409761dir

VM Arguments:
jvm_args: --add-opens=java.base/java.lang=ALL-UNNAMED --add-opens=java.base/java.lang.invoke=ALL-UNNAMED --add-opens=java.base/java.util=ALL-UNNAMED --add-opens=java.prefs/java.util.prefs=ALL-UNNAMED --add-exports=jdk.compiler/com.sun.tools.javac.api=ALL-UNNAMED --add-exports=jdk.compiler/com.sun.tools.javac.util=ALL-UNNAMED --add-opens=java.base/java.util=ALL-UNNAMED --add-opens=java.prefs/java.util.prefs=ALL-UNNAMED --add-opens=java.base/java.nio.charset=ALL-UNNAMED --add-opens=java.base/java.net=ALL-UNNAMED --add-opens=java.base/java.util.concurrent.atomic=ALL-UNNAMED --add-opens=java.xml/javax.xml.namespace=ALL-UNNAMED -XX:MaxMetaspaceSize=512m -Xmx2048m -Dfile.encoding=UTF-8 -Duser.country=CR -Duser.language=es -Duser.variant -javaagent:C:\Users\Xoan\.gradle\wrapper\dists\gradle-8.13-bin\5xuhj0ry160q40clulazy9h7d\gradle-8.13\lib\agents\gradle-instrumentation-agent-8.13.jar 
java_command: org.gradle.launcher.daemon.bootstrap.GradleDaemon 8.13
java_class_path (initial): C:\Users\Xoan\.gradle\wrapper\dists\gradle-8.13-bin\5xuhj0ry160q40clulazy9h7d\gradle-8.13\lib\gradle-daemon-main-8.13.jar
Launcher Type: SUN_STANDARD

[Global flags]
     intx CICompilerCount                          = 4                                         {product} {ergonomic}
   size_t CompressedClassSpaceSize                 = 436207616                                 {product} {ergonomic}
     uint ConcGCThreads                            = 3                                         {product} {ergonomic}
     uint G1ConcRefinementThreads                  = 10                                        {product} {ergonomic}
   size_t G1HeapRegionSize                         = 1048576                                   {product} {ergonomic}
   size_t InitialHeapSize                          = 268435456                                 {product} {ergonomic}
   size_t MarkStackSize                            = 4194304                                   {product} {ergonomic}
   size_t MaxHeapSize                              = 2147483648                                {product} {command line}
   size_t MaxMetaspaceSize                         = 536870912                                 {product} {command line}
   size_t MaxNewSize                               = 1287651328                                {product} {ergonomic}
   size_t MinHeapDeltaBytes                        = 1048576                                   {product} {ergonomic}
   size_t MinHeapSize                              = 8388608                                   {product} {ergonomic}
    uintx NonNMethodCodeHeapSize                   = 5839372                                {pd product} {ergonomic}
    uintx NonProfiledCodeHeapSize                  = 122909434                              {pd product} {ergonomic}
    uintx ProfiledCodeHeapSize                     = 122909434                              {pd product} {ergonomic}
    uintx ReservedCodeCacheSize                    = 251658240                              {pd product} {ergonomic}
     bool SegmentedCodeCache                       = true                                      {product} {ergonomic}
   size_t SoftMaxHeapSize                          = 2147483648                             {manageable} {ergonomic}
     bool UseCompressedOops                        = true                           {product lp64_product} {ergonomic}
     bool UseG1GC                                  = true                                      {product} {ergonomic}
     bool UseLargePagesIndividualAllocation        = false                                  {pd product} {ergonomic}

Logging:
Log output configuration:
 #0: stdout all=warning uptime,level,tags foldmultilines=false
 #1: stderr all=off uptime,level,tags foldmultilines=false

Environment Variables:
JAVA_HOME=C:\Program Files\Java\jdk-22
PATH=C:\Program Files\Microsoft MPI\Bin\;C:\Program Files\Common Files\Oracle\Java\javapath;C:\Program Files (x86)\Common Files\Oracle\Java\java8path;C:\Program Files (x86)\Common Files\Oracle\Java\javapath;C:\ProgramData\Oracle\Java\javapath;C:\Program Files (x86)\Razer Chroma SDK\bin;C:\Program Files\Razer Chroma SDK\bin;C:\Program Files (x86)\Razer\ChromaBroadcast\bin;C:\Program Files\Razer\ChromaBroadcast\bin;C:\Program Files (x86)\Common Files\Intel\Shared Libraries\redist\intel64\compiler;C:\WINDOWS\system32;C:\WINDOWS;C:\WINDOWS\System32\Wbem;C:\WINDOWS\System32\WindowsPowerShell\v1.0\;C:\WINDOWS\System32\OpenSSH\;C:\WINDOWS\system32\config\systemprofile\AppData\Local\Microsoft\WindowsApps;C:\Program Files\WireGuard\;C:\WINDOWS\system32;C:\WINDOWS;C:\WINDOWS\System32\Wbem;C:\WINDOWS\System32\WindowsPowerShell\v1.0\;C:\WINDOWS\System32\OpenSSH\;C:\Program Files\dotnet\;C:\Program Files (x86)\dotnet\;C:\Program Files (x86)\NVIDIA Corporation\PhysX\Common;C:\Program Files\Microsoft SQL Server\150\Tools\Binn\;C:\Program Files\Microsoft SQL Server\Client SDK\ODBC\170\Tools\Binn\;C:\Program Files\NVIDIA Corporation\NVIDIA App\NvDLISR;C:\Program Files\Java\jdk-22\bin;C:\Program Files (x86)\Microsoft SQL Server\160\Tools\Binn\;C:\Program Files\Microsoft SQL Server\160\Tools\Binn\;C:\Program Files\Microsoft SQL Server\160\DTS\Binn\;E:\Git\cmd;C:\Program Files\Docker\Docker\resources\bin;C:\Program Files\nodejs\;C:\Program Files (x86)\Microsoft SQL Server\160\DTS\Binn\;C:\Users\Xoan\AppData\Local\Microsoft\WindowsApps;C:\Users\Xoan\AppData\Local\Programs\Microsoft VS Code\bin;C:\Users\Xoan\.dotnet\tools;C:\apache-maven-3.9.8\bin;C:\Users\Xoan\AppData\Local\GitHubDesktop\bin;C:\Users\Xoan\AppData\Roaming\npm;C:\Program Files\Docker\Docker\resources\bin;
USERNAME=Xoan
OS=Windows_NT
PROCESSOR_IDENTIFIER=Intel64 Family 6 Model 165 Stepping 3, GenuineIntel
TMP=C:\Users\Xoan\AppData\Local\Temp
TEMP=C:\Users\Xoan\AppData\Local\Temp




Periodic native trim disabled

---------------  S Y S T E M  ---------------

OS:
 Windows 11 , 64 bit Build 26100 (10.0.26100.4768)
OS uptime: 0 days 0:04 hours
Hyper-V role detected

CPU: total 12 (initial active 12) (6 cores per cpu, 2 threads per core) family 6 model 165 stepping 3 microcode 0xe0, cx8, cmov, fxsr, ht, mmx, 3dnowpref, sse, sse2, sse3, ssse3, sse4.1, sse4.2, popcnt, lzcnt, tsc, tscinvbit, avx, avx2, aes, erms, clmul, bmi1, bmi2, adx, fma, vzeroupper, clflush, clflushopt, hv, rdtscp, f16c
Processor Information for all 12 processors :
  Max Mhz: 2901, Current Mhz: 2901, Mhz Limit: 2901

Memory: 4k page, system-wide physical 16308M (2289M free)
TotalPageFile size 20404M (AvailPageFile size 4M)
current process WorkingSet (physical memory assigned to process): 560M, peak: 563M
current process commit charge ("private bytes"): 626M, peak: 626M

vm_info: Java HotSpot(TM) 64-Bit Server VM (22.0.1+8-16) for windows-amd64 JRE (22.0.1+8-16), built on 2024-03-12T10:33:16Z by "mach5one" with MS VC++ 17.6 (VS2022)

END.
